status;garnly_produkt;garnly_variant;garnkilden_navn;ean;garnkilden_lager
NY;Merinoull;1065 charcoal melange;Merinoull - 1065;7039560690997;20
NY;Tynn Line;9564 matcha;Tynn Line - 9564;7039560770613;24
NY;Finull;401 Natur;Finull - 401 Natur;7045840003555;28
NY;Finull;400 Hvit;Finull - 400 Hvit;7045840003531;15
NY;Finull;403 Lys grå melert;Finull - 403 Lys grå melert;7045840003586;16
NY;Finull;404 Grå melert;Finull - 404 Grå melert;7045840003609;18
NY;Finull;405 Mørk Grå melert;Finull - 405 Mørk Grå melert;7045840003623;35
NY;Finull;414 Koksgrå melert;Finull - 414 Koksgrå melert;7045840003784;22
NY;Finull;436 Svart;Finull - 436 Svart;7045840004132;33
NY;Finull;410 Sauesvart;Finull - 410 Sauesvart;7045840003708;12
NY;Finull;4387 Mørk blågrå;Finull - 4387 Mørk blågrå;7045840004194;11
NY;Finull;4006 Blågrå;Finull - 4006 Blågrå;7045840127107;21
NY;Finull;4287 Lys blågrå;Finull - 4287 Lys Blågrå;7045840004019;24
NY;Finull;4078 Lys beige melert;Finull - 4078 Lys Beige melert;7045840127480;33
NY;Finull;452 Gråbeige;Finull - 452 Gråbeige;7045840004439;20
NY;Finull;4187 Beige;Finull - 4187 Beige;7045840003845;25
NY;Finull;420 Mørk beige;Finull - 420 Mørk Beige;7045840003890;12
NY;Finull;4064 Rødbrun;Finull - 4064 Rødbrun;7045840127329;11
NY;Finull;422 Mørk brun;Finull - 422 Mørk Brun;7045840003937;6
NY;Finull;4077 Sand;Finull - 4077 Sand;7045840127466;8
NY;Finull;4067 Kamelbrun;Finull - 4067 Kamelbrun;7045840127367;4
NY;Finull;4065 Mørk kamelbrun;Finull - 4065 Mørk Kamelbrun;7045840127343;12
NY;Finull;406 Beige melert;Finull - 406 Beige Melert;7045840003647;7
NY;Finull;411 Brun melert;Finull - 411 Brun Melert;7045840003753;18
NY;Finull;464 Rødbrun melert;Finull - 464 Rødbrun melert;7045840004569;27
NY;Finull;488 Mørk burgunder;Finull - 488 Mørk Burgunder;7045840004842;4
NY;Finull;497 Burgunder;Finull - 497 Burgunder;7045840004965;18
NY;Finull;432 Dyp grønn;Finull - 432 Dyp Grønn;7045840004088;11
NY;Finull;494 Mørk grønn;Finull - 494 Mørk Grønn;7045840004934;2
NY;Finull;4025 Mørk petrol;Finull - 4025 Mørk Petrol;7045840127206;26
NY;Finull;484 Petrol;Finull - 484 Petrol;7045840004798;9
NY;Finull;4186 Sjøgrønn;Finull - 4186 Sjøgrønn;7045840003821;8
NY;Finull;4023 Lys sjøgrønn;Finull - 4023 Lys Sjøgrønn;7045840127183;19
NY;Finull;4887 Mintgrønn;Finull - 4887 Mintgrønn;7045840004873;13
NY;Finull;4106 Lys mintgrønn;Finull - 4106 Lys Mintgrønn;7045840003739;16
NY;Finull;4215 Jadegrønn;Finull - 4215 Jadegrønn;7045840080341;12
NY;Finull;493 Lys grønn;Finull - 493 Lys Grønn;7045840004927;14
NY;Finull;458 Vårgrønn;Finull - 458 Vårgrønn;7045840004491;7
NY;Finull;455 Eplegrønn;Finull - 455 Eplegrønn;7045840004460;14
NY;Finull;430 Grønn;Finull - 430 Grønn;7045840004033;14
NY;Finull;4018 Gressgrønn;Finull - 4018 Gressgrønn;7045840127169;13
NY;Finull;454 Limegrønn;Finull - 454 Limegrønn;7045840004453;19
NY;Finull;4105 Signalgrønn;Finull - 4105 Signalgrønn;7045840003722;18
NY;Finull;498 Lys mosegrønn;Finull - 498 Lys mosegrønn;7045840004972;8
NY;Finull;489 Kakigrønn;Finull - 489 Kakigrønn;7045840004880;6
NY;Finull;476 Mosegrønn;Finull - 476 Mosegrønn;7045840004705;8
NY;Finull;486 Mørk mosegrønn;Finull - 486 Mørk mosegrønn;7045840004811;26
NY;Finull;4014 Skogsgrønn;Finull - 4014 Skogsgrønn;7045840127145;20
NY;Finull;4010 Olivengrønn;Finull - 4010 Olivengrønn;7045840127121;20
NY;Finull;417 Lys olivengrønn;Finull - 417;7045840003807;6
NY;Finull;4805 Sennepsgul;Finull - 4805 Sennepsgul;7045840004750;13
NY;Finull;402 Lys strågul;Finull - 402 Lys strågul;7045840003579;5
NY;Finull;4115 Lys gul;Finull - 4115 Lys gul;7045840080334;19
NY;Finull;4405 Sitrongul;Finull - 4405 Sitrongul;7045840004255;20
NY;Finull;412 Gul;Finull - 412;7045840003777;11
NY;Finull;450 Mørk gul;Finull - 450;7045840004392;3
NY;Finull;4095 Kremgul;Finull - 4095 Kremgul;7045840127541;9
NY;Finull;4986 Lys honninggul;Finull - 4986 Lys honninggul;7045840004989;-4
NY;Finull;4075 Honninggul;Finull - 4075 Honninggul;7045840127428;0
NY;Finull;4076 Mørk sennepsgul;Finull - 4076 Mørk sennepsgul;7045840127442;11
NY;Finull;4305 Guloransje;Finull - 4305 Guloransje;7045840004040;8
NY;Finull;460 Lys rustoransje;Finull - 460 Lys rustoransj;7045840004521;20
NY;Finull;461 Rustoransje;Finull - 461 Rustoransje;7045840004545;4
NY;Finull;434 Terrakotta;Finull - 434 Terrakotta;7045840004101;2
NY;Finull;418 Høyrød;Finull - 418 Høyrød;7045840003814;8
NY;Finull;424 Rød;Finull - 424 Rød;7045840003968;16
NY;Finull;425 Kobberrød;Finull - 425 Kobberrød;7045840003982;6
NY;Finull;428 Vinrød;Finull - 428 Vinrød;7045840004002;13
NY;Finull;419 Rustrød;Finull - 419 Rustrød;7045840003869;12
NY;Finull;435 Mørk rød;Finull - 435 Mørk rød;7045840004118;15
NY;Finull;469 Dempet rød;Finull - 469 Dempet rød;7045840004637;6
NY;Finull;4071 Mørk oransje;Finull - 4071 Mørk oransje;7045840127404;13
NY;Finull;4205 Oransje;Finull - 4205 Oransje;7045840003906;9
NY;Finull;4069 Fersken;Finull - 4069 Fersken;7045840127381;7
NY;Finull;4206 Lys pudderrosa;Finull - 4206 Lys pudderrosa;7045840003913;19
NY;Finull;4087 Pudderrosa;Finull - 4087 Pudderrosa;7045840003678;10
NY;Finull;439 Bringebærrød;Finull - 439 Bringebærrød;7045840004224;15
NY;Finull;456 Rosarød;Finull - 456 Rosarød;7045840004477;21
NY;Finull;4571 Gammelrosa;Finull - 4571 Gammelrosa;7045840004484;15
NY;Finull;465 Mørk rosa;Finull - 465 Mørk rosa;7045840004583;18
NY;Finull;4886 Mørk cerise;Finull - 4886 Mørk Cerice;7045840004859;14
NY;Finull;4686 Skarp rosa;Finull - 4686 Skarp rosa;7045840004620;4
NY;Finull;479 Rosa;Finull - 479  Rosa;7045840004736;17
NY;Finull;478 Lakserosa;Finull - 478 Lakserosa;7045840004729;10
NY;Finull;4094 Lys rosa;Finull - 4094 Lys rosa;7045840127527;14
NY;Finull;466 Mørk gammelrosa;Finull - 466 Mørk gammelrosa;7045840004590;12
NY;Finull;499 Mørk bringebærrød;Finull - 499 Mørk bringebærrød;7045840004996;8
NY;Finull;427 Lyng;Finull - 427 Lyng;7045840003999;11
NY;Finull;473 Lys lyng;Finull - 473 Lys lyng;7045840004682;5
NY;Finull;487 Grålilla;Finull - 487;7045840004835;18
NY;Finull;470 Mørk lilla;Finull - 470;7045840004644;9
NY;Finull;441 Aubergine;Finull - 441;7045840004279;21
NY;Finull;496 Rødlilla;Finull - 496;7045840004958;9
NY;Finull;4048 Lys rødlilla;Finull - 4048;7045840127305;20
NY;Finull;4306 Lys lilla;Finull - 4306;7045840004057;0
NY;Finull;471 Lavendel;Finull - 471;7045840004668;25
NY;Finull;4088 Lilla;Finull - 4088 Lilla;7045840003685;24
NY;Finull;4041 Blålilla;Finull - 4041;7045840127268;29
NY;Finull;4042 Mørk lilla;Finull - 4042;7045840127282;10
NY;Finull;442 Mørk rødlilla;Finull - 442;7045840004286;28
NY;Finull;474 Mørk blålilla;Finull - 474;7045840004699;14
NY;Finull;449 Mørk blå;Finull - 449;7045840004378;1
NY;Finull (2);459 Marineblå;Finull - 459;7045840004507;11
NY;Finull (2);482 Midnattsblå;Finull - 482;7045840004767;24
NY;Finull (2);443 Mørk jeansblå;Finull - 443;7045840004293;2
NY;Finull (2);4036 Jeansblå;Finull - 4036;7045840127244;27
NY;Finull (2);4385 Lys jeansblå;Finull - 4385;7045840004187;10
NY;Finull (2);437 Blå;Finull - 437;7045840004156;21
NY;Finull (2);467 Kongeblå;Finull - 467;7045840004606;9
NY;Finull (2);438 Bondeblå;Finull - 438;7045840004170;14
NY;Finull (2);4034 Mørk Turkis;Finull - 4034;7045840127220;32
NY;Finull (2);4605 Turkis;Finull - 4605;7045840004538;15
NY;Finull (2);4705 Lys turkis;Finull - 4705;7045840004651;11
NY;Finull (2);483 Lys petrol;Finull - 483;7045840004781;15
NY;Finull (2);451 Lys bondeblå;Finull - 451;7045840004422;10
NY;Finull (2);472 Himmelblå;Finull - 472;7045840004675;16
NY;Finull (2);4406 Lys blå;Finull - 4406;7045840004262;12
NY;Finull (2);4139 Lys blå melert;Finull - 4139;7045840140861;12
NY;Finull (2);4138 Pudderrosa melert;Finull - 4138;7045840140885;3
NY;Finull (2);4133 Lys rosa melert;Finull - 4133;7045840140984;11
NY;Finull (2);4135 Lys lilla melert;Finull - 4135;7045840140946;8
NY;Finull (2);4128 Lilla melert;Finull - 4128;7045840140809;7
NY;Finull (2);4126 Lyng melert;Finull - 4126;7045840140762;28
NY;Finull (2);4131 Dempet rød melert;Finull - 4131;7045840141028;14
NY;Finull (2);4120 Rød melert;Finull - 4120;7045840140649;24
NY;Finull (2);4132 Rustrød melert;Finull - 4132;7045840141004;11
NY;Finull (2);4121 Mørk orange melert;Finull - 4121;7045840140663;4
NY;Finull (2);4125 Okergul melert;Finull - 4125;7045840140748;23
NY;Finull (2);4123 Mørk petrol melert;Finull - 4123;7045840140700;14
NY;Finull (2);4124 Blå melert;Finull - 4124;7045840140724;17
NY;Finull (2);4127 Petrol melert;Finull - 4127;7045840140786;9
NY;Finull (2);4136 Mintgrønn melert;Finull - 4136;7045840140922;10
NY;Finull (2);4137 Gul melert;Finull - 4137;7045840140908;7
NY;Finull (2);4134 Lys gul melert;Finull - 4134;7045840140960;25
NY;Finull (2);4129 Mosegrønn melert;Finull - 4129;7045840140823;3
NY;Finull (2);4130 Grønn melert;Finull - 4130;7045840140847;4
NY;Finull (2);4122 Mørk grønn melert;Finull - 4122;7045840140687;5
NY;Finull (2);4423 Bunadsgrønn;Finull - 4423;7045840159924;10
NY;Finull (2);4447 Bunadsblå;Finull - 4447;7045840159900;18
NY;Fivel;01 Natur;Fivel - 01;7045840157470;8
NY;Fivel;36 Svart;Fivel - 36;7045840157555;11
NY;Fivel;04 Gråbeige;Fivel - 04;7045840157531;29
NY;Fivel;25 Kasjmir;Fivel - 25;7045840159405;21
NY;Fivel;06 Burgunder;Fivel - 06;7045840157593;11
NY;Fivel;13 Rosa;Fivel - 13;7045840157739;6
NY;Fivel;15 Lys rosa;Fivel - 15;7045840159207;11
NY;Fivel;19 Rosa sky;Fivel - 19;7045840159283;17
NY;Fivel;26 Korall;Fivel - 26;9317385314587;17
NY;Fivel;20 Oransje;Fivel - 20;7045840159306;0
NY;Fivel;22 Mørk oransje;Fivel - 22;7045840159344;1
NY;Fivel;02 Mørk rød;Fivel - 02;7045840157494;6
NY;Fivel;11 Nougat;Fivel - 11;7045840157692;16
NY;Fivel;24 Mørk grønn;Fivel - 24;7045840159382;9
NY;Fivel;16 Skogsgrønn;Fivel - 16;7045840159221;9
NY;Fivel;10 Emeraldgrønn;Fivel - 10;7045840157678;10
NY;Fivel;12 Spiregrønn;Fivel - 12;7045840157715;1
NY;Fivel;08 Lys strågul;Fivel - 08;7045840157630;13
NY;Fivel;27 Limonade;Fivel - 27;9317385314600;11
NY;Fivel;14 Gul;Fivel - 14;7045840157753;18
NY;Fivel;17 Lys lilla;Fivel - 17;7045840159245;24
NY;Fivel;05 Lavendel;Fivel - 05;7045840157579;10
NY;Fivel;18 Blå puddel;Fivel - 18;7045840159269;19
NY;Fivel;09 Marineblå;Fivel - 09;7045840157654;19
NY;Fivel;03 Mørk blå;Fivel - 03;7045840157517;20
NY;Fivel;21 Blå;Fivel - 21;7045840159320;22
NY;Fivel;07 Himmelblå;Fivel - 07;7045840157616;13
NY;Fivel;23 Lys turkis;Fivel - 23;7045840159368;20
NY;Fritidsgarn;7772 rainforest;Fritidsgarn - 7772 rain forest;7039560041287;10
NY;Lamull;422 Mørk brun;(ut)  Lamull - 422;7045840156763;0
NY;Lamull;411 Brun melert;(ut)  Lamull - 411;7045840156749;0
NY;Lamull;4078 Lys beige melert;(ut)  Lamull - 4078;7045840156886;0
NY;Lamull;486 Mørk mosegrønn;(ut)  Lamull - 486;7045840156848;0
NY;Lamull;38 Rosa sky;(ut)  Lamull - 38;7045840156923;0
NY;Lamull;37 Blå puddel;(ut)  Lamull - 37;7045840156909;0
NY;Mitu;1108 Gammelhvit;Mitu - 1108 Gammelhvit;9788299985642;0
NY;Mitu;0488 Mørk burgunder;Mitu - 0488 Mørk burgunder;9788299985307;31
NY;Mitu;2230 Rustrød;Mitu - 2230 Rustrød;7045840019372;15
NY;Mitu;4967 Jeansblå;Mitu - 4967 Jeansblå;7045840019426;31
NY;Mitu;4922 Kongeblå;Mitu - 4922 Kongeblå;7045840019402;17
NY;Mitu;6416 Marineblå;Mitu - 6416 Marine blå;7045840019495;2
NY;Mitu;1900 Mørk grønn;Mitu - 1900 Mørk grønn;7045840019341;21
NY;Mitu;3935 Mosegrønn;Mitu - 3935 Mosegrønn;9788299985406;20
NY;Mitu;5340 Grønn;Mitu - 5340 Grønn;7045840019440;7
NY;Mitu;0496 Spiregrønn;Mitu - 0496 Spiregrønn;9788299985383;20
NY;Mitu;8401 Lys rosa;Mitu - 8401 Lys rosa;7045840019563;37
NY;Mitu;0063 Gråblå;Mitu - 0063 Gråblå;7045840144036;9
NY;Mitu;4932 Rød;Mitu - 4932 Rød;7045840019419;10
NY;Mitu;6085 Dyp rød;Mitu - 6085 Dyp rød;7045840019464;9
NY;Mitu;0052 Varm gul;Mitu - 0052 Varm gul;7045840144364;0
NY;Babyull lanett;4372 dyp burgunder;Babyull Lanett - 4372;7039560061223;23
NY;Pandora;219 Natur;Pandora - 219;7045840022112;6
NY;Pandora;241 Kamelbrun;Pandora - 241;7045840141127;0
NY;Pandora;308 Oker;Pandora - 308;7045840143206;2
NY;Pandora;286 Beige;Pandora - 286;7045840141226;15
NY;Pandora;221 Krem;Pandora - 221;7045840022136;2
NY;Pandora;296 Hvit;Pandora - 296;7045840097059;3
NY;Pandora;210 Lys grå;Pandora - 210;7045840022082;11
NY;Pandora;227 Gml rosa;Pandora - 227;7045840122225;10
NY;Pandora;288 Dus rosa;Pandora - 288;7045840141240;11
NY;Pandora;231 Lys rosa;Pandora - 231;7045840022143;1
NY;Pandora;258 Korall;Pandora - 258;7045840022242;7
NY;Pandora;225 Mørk oransje;Pandora - 225;7045840122201;2
NY;Pandora;278 orange;Pandora - 278;7045840022334;2
NY;Pandora;333 Liljegul;Pandora - 333;7045840157043;1
NY;Pandora;304 Petrol;Pandora - 304;7045840143121;18
NY;Pandora;339 Turkis;Pandora - 339 Turkis;7045840157104;11
NY;Pandora;307 Mørk grønn;Pandora - 307;7045840143183;6
NY;Pandora;223 Lys kakigrønn;Pandora - 223;7045840122140;4
NY;Pandora;324 Strå;Pandora - 324;7045840156961;0
NY;Pandora;201 Lys gul;Pandora - 201;7045840022068;1
NY;Pandora;237 Lys grålilla;Pandora - 237;7045840022181;11
NY;Pandora;279 Lilla;Pandora - 279;7045840022341;9
NY;Pandora;311 Mørk blå;Pandora - 311;7045840143268;-6
NY;Pandora;287 Isblå;Pandora - 287;7045840141202;15
NY;Pandora;276 Lys gråblå;Pandora - 276;7045840078515;9
NY;Pandora;340 Frisk blå;Pandora - 340;7045840158088;12
NY;Pandora;265 Lys blå;Pandora - 265;7045840022273;17
NY;Pandora;310 Himmelblå;Pandora - 310;7045840143244;1
NY;Pandora;269 Jeansblå;Pandora - 269;7045840022297;3
NY;Pandora;272 Klar blå;Pandora - 272;7045840022310;1
NY;Pandora;312 Midnattsblå;Pandora - 312;7045840143282;9
NY;Pandora;277 Marine;Pandora - 277;7045840022327;0
NY;Pandora;338 Antrasitt;Pandora - 338;7045840157081;1
NY;Pandora;299 Sort;Pandora - 299;7045840022402;2
NY;Line;9564 matcha;Line - 9564;7039560670791;26
NY;Petunia;224 Grønn;Petunia - 224;7045840122065;13
NY;Petunia;236 Brun;Petunia - 236;7045840022617;0
NY;Petunia;347 Skogsgrønn;Petunia - 347;7045840158361;6
NY;Petunia;333 Liljegul;Petunia - 333;7045840156107;4
NY;Petunia;257 Mørk rød;Petunia - 257;7045840118433;9
NY;Puno;6736 Beige;(UT) Puno - 6736 (Rabatt 40%);7045840142346;0
NY;Puno;388 Kongeblå;(UT) Puno - 388 (Rabatt 20%);7045840127800;14
NY;Puno;823 Lys petrol;(UT) Puno - 823 (Rabatt 20%);7045840019211;0
NY;Puno;391 Rød;(UT) Puno - 391 (Rabatt 20%);7045840127602;17
NY;Puno;1370 Kitt;(UT) Puno - 1370 - 40%;7045840160197;1
NY;Puno;332 Kastanje;(UT) Puno - 332 (Rabatt 20%);7045840154653;3
NY;Puno;4818 Turkis;(UT) Puno - 4818 (Rabatt 20%);7045840157159;14
NY;Tjukk Mohair;057 Sølvrev;Tjukk Mohair - 57;7045840148843;7
NY;Tjukk Mohair;149 Kamel;Tjukk Mohair - 149;7045840145354;6
NY;Tjukk Mohair;185 Lys syrin;Tjukk Mohair - 185;7045840148720;2
NY;Vams;01 Natur;Vams - 01;7045840002473;4
NY;Vams;00 Hvit;Vams - 00;7045840002466;30
NY;Vams;03 Lysgrå melert;Vams - 03;7045840002480;24
NY;Vams;13 Grå melert;Vams - 13;7045840002534;-19
NY;Vams;14 Koksgrå melert;Vams - 14;7045840002541;5
NY;Vams;36 Svart;Vams - 36;7045840002640;20
NY;Vams;06 Beige melert;Vams - 06;7045840002503;16
NY;Vams;64 Mørk brun melert;Vams - 64;7045840002893;20
NY;Vams;10 Sauesvart;Vams - 10;7045840002510;4
NY;Vams;55 Brun;Vams - 55;7045840002817;25
NY;Vams;114 Konjakk;Vams - 114;7045840147600;13
NY;Vams;05 Beige;Vams - 05;7045840002497;20
NY;Vams;100 Gråbeige;Vams - 100;7045840147327;7
NY;Vams;116 Mørk burgunder;Vams - 116 Mørk Burgunder;9788299989978;17
NY;Vams;35 Vinrød;Vams - 35;7045840002633;24
NY;Vams;23 Mørk rød;Vams - 23;7045840002572;1
NY;Vams;61 Mørk oransje;Vams - 61;7045840002879;16
NY;Vams;25 Gul;Vams - 25;7045840002596;0
NY;Vams;46 Sennepsgul;Vams - 46;7045840002732;20
NY;Vams;104 Kamelbrun;Vams - 104;7045840147402;4
NY;Vams;103 Mørk kamelbrun;Vams - 103;7045840147389;25
NY;Vams;106 Brun;Vams - 106 (15%);7045840147440;5
NY;Vams;68 Lakserosa;Vams - 68;7045840158040;20
NY;Vams;65 Mørk rosa;Vams - 65;7045840002909;23
NY;Vams;60 Rosa;Vams - 60;7045840002862;0
NY;Vams;66 Lys rosa;Vams - 66;7045840002916;11
NY;Vams;102 Lys syrin;Vams - 102 (15%);7045840147365;10
NY;Vams;95 Rødlilla;Vams - 95;7045840003043;2
NY;Vams;77 Midnattsblå;Vams - 77;7045840002961;25
NY;Vams;09 Marineblå;Vams - 09 Marineblå;9788299989954;2
NY;Vams;67 Mørk blå;Vams - 67 Mørk Blå;7045840002923;14
NY;Vams;37 Blå;Vams - 37;7045840002657;17
NY;Vams;51 Jeansblå;Vams - 51;7045840002787;4
NY;Vams;50 Lys jeansblå;Vams - 50;7045840002770;12
NY;Vams;108 Lys bondeblå;Vams - 108;7045840147488;4
NY;Vams;76 Turkis;Vams - 76;7045840002954;9
NY;Vams;69 Lys turkis;Vams - 69;7045840158064;18
NY;Vams;53 Mørk petrol;Vams - 53;7045840002800;2
NY;Vams;47 Petrol;Vams - 47;7045840002749;24
NY;Vams;80 Eplegrønn;Vams - 80;7045840002978;0
NY;Vams;87 Skogsgrønn;Vams - 087;7045840003012;1
NY;Vams;86 Mosegrønn;Vams - 86;7045840003005;25
NY;Vams;111 Mørk grønn;Vams - 111;7045840147549;20
NY;Vams;417 Mørk sjokolade melert;Vams - 417;7045840148584;8
NY;Vams;418 Lun kobber melert;Vams - 418;7045840148607;17
NY;Vams;413 Kongle melert;Vams - 413;7045840148508;23
NY;Vams;415 Drivved melert;Vams - 415;7045840148546;8
NY;Vams;416 Bark melert;Vams - 416;7045840148560;10
NY;Vams;309 Hassel melert;Vams - 309 (15%);7045840148300;8
NY;Vams;308 Nude melert;Vams - 308;7045840148287;10
NY;Vams;302 Lys rosa melert;Vams - 302 (15%);7045840136673;3
NY;Vams;311 Fersken melert;Vams - 311 (15%);7045840148348;13
NY;Vams;300 Lys lilla melert;Vams - 300;7045840136635;1
NY;Vams;402 Lilla melert;Vams - 402;7045840136857;0
NY;Vams;404 Mørk Petrol melert;Vams - 404;7045840136796;27
NY;Vams;301 Lys blå melert;Vams - 301;7045840136659;1
NY;Vams;303 Mintgrønn melert;Vams - 303;7045840136697;1
NY;Vams;306 Reinlav melert;Vams - 306;7045840148225;9
NY;Vams;400 Rød melert;Vams - 400;7045840136734;10
NY;Vams;401 Rustrød melert;Vams - 401;7045840136758;0
NY;Vams;312 Multe melert;Vams - 312;7045840148362;12
NY;Vams;307 Myr melert;Vams - 307;7045840148263;7
NY;Vams;414 Skogbunn melert;Vams - 414;7045840148522;6
NY;Vams;304 Gul melert;Vams - 304;7045840136710;6
NY;Vams;403 Grønn melert;Vams - 403;7045840136772;3
NY;Alpakka Følgetråd;2573 monks robe;Alpakka Følgetråd - 2573 Monk`s Robe;7039560090681;20
NY;Poppy;9563 dark moss green;(Ut) Poppy - 9563;7039560792219;0
NY;Alpaca Silk;811 Natur;Alpaca Silk - 811;7045840019945;10
NY;Alpaca Silk;2343 Aubergine;Alpaca Silk - 2343;7045840160524;20
NY;Alpaca Silk;422 Mørk brun;Alpaca Silk - 422;7045840157357;18
NY;Alpaca Silk;2225 Lys brun;Alpaca Silk - 2225;7045840141943;6
NY;Alpaca Silk;4077 Sand;Alpaca Silk - 4077;7045840157333;11
NY;Alpaca Silk;1315 Beige;Alpaca Silk - 1315;7045840019891;7
NY;Alpaca Silk;1311 Grå;Alpaca Silk - 1311;7045840019884;20
NY;Alpaca Silk;0324 Jadegrønn;Alpaca Silk - 0324;7045840160562;20
NY;Alpaca Silk;5339 Grønn;Alpaca Silk - 5339;7045840142148;10
NY;Alpaca Silk;0961 Mørk grønn;Alpaca Silk - 0961;7045840142162;1
NY;Alpaca Silk;5594 Marine;Alpaca Silk - 5594;7045840076252;6
NY;Alpaca Silk;467 Kongeblå;Alpaca Silk - 467;7045840157371;3
NY;Alpaca Silk;5114 Lys blå;Alpaca Silk - 5114;7045840019914;24
NY;Alpaca Silk;7244 Blå puddel;Alpaca Silk - 7244;7045840157418;4
NY;Alpaca Silk;1354 Oransje;Alpaca Silk - 1354;7045840160586;16
NY;Alpaca Silk;0956 Liljegul;Alpaca Silk - 0956;7045840157319;21
NY;Alpaca Silk;6409 Lys strågul;Alpaca Silk - 6409;7045840141905;23
NY;Alpaca Silk;1357 Lys rosa;Alpaca Silk - 1357;7045840160548;0
NY;Alpaca Silk;1366 Flamingorosa;Alpaca Silk - 1366;7045840160272;6
NY;Alpaca Silk;5279 Cerise;Alpaca Silk - 5279;7045840142100;0
NY;Alpaca Silk;5769 Lys lilla;Alpaca Silk - 5769;7045840142001;5
NY;Alpakka Lin;11466 Tweed Lys beige;Alpakka Lin - 11466;9317385317342;7
NY;Alpakka Lin;18166 Tweed Natur;Alpakka Lin - 18166;9317385317380;15
NY;Alpakka Lin;16066 Tweed Varm grå;Alpakka Lin - 16066;9317385317328;9
NY;Alpakka Lin;21266 Tweed Mørk grå;Alpakka Lin - 21266 Tweed Mørk Grå;9317385317366;23
NY;Alpakka Lin;21798 Tweed Mørk brun;Alpakka Lin - 21798;9317385317304;11
NY;Alpakka Lin;1374 Rosa sky;Alpakka Lin - 1374;7045840159832;9
NY;Faerytale;800 Kanel;Faerytale - 800;7023790564265;6
NY;Faerytale;803 Pæregrønn;Faerytale - 803;7023790589022;2
NY;Pus;4056 Pæregrønn;Pus - 4056;7023790589268;2
NY;Pus;4057 Turkis;Pus - 4057;7023790589282;6
NY;Pus;4059 Oransje;Pus - 4059;7023790589329;11
NY;Pus;4060 Purpur;Pus - 4060;7023790589343;1
KONFLIKT;Merinoull;3081 dark brown;Merinoull - 3081;Strikkefryd=7039560740043 Garnkilden=7039560690942;
KONFLIKT;Merinoull;2650 beige melange;Merinoull - 2650;Strikkefryd=7039560740821 Garnkilden=7039560690935;
KONFLIKT;Merinoull;4032 misty rose;Merinoull - 4032;Strikkefryd=7039560740050 Garnkilden=7039560690959;
KONFLIKT;Tynn Merinoull;4344 dry rose;Tynn Merinoull - 4344;Strikkefryd=7039560740166 Garnkilden=7039560720816;
KONFLIKT;Tynn Merinoull;2650 lys eikenott;Tynn Merinoull - 2650;Strikkefryd=7039560740838 Garnkilden=7039560720786;
KONFLIKT;Petunia;296 Hvit;Petunia - 296;Strikkefryd=7045840022860 Garnkilden=7045840022396;
KONFLIKT;Petunia;256 Rød;Petunia - 256;Strikkefryd=7045840022730 Garnkilden=7045840097318;
KONFLIKT;Alpakka Silke;3161 eikenott;Alpakka Silke - 3161;Strikkefryd=7039560660006 Garnkilden=7039560660600;
