Merke,Produkt,Farge,EAN i Shopify,Pris,Strikkefryd,Garnkilden,Kobling
Ístex,Léttlopi,0005 Black heather,5690866300052,69.00,40,,EAN
Ístex,Léttlopi,0051 White,5690866300519,69.00,46,,EAN
Ístex,Léttlopi,0052 Black sheep,5690866300526,69.00,27,,EAN
Ístex,Léttlopi,0053 Acorn,5690866300533,69.00,19,,EAN
Ístex,Léttlopi,0054 Ash,5690866300540,69.00,45,,EAN
Ístex,Léttlopi,0056 Light grey,5690866300564,69.00,39,,EAN
Ístex,Léttlopi,0057 Grey,5690866300571,69.00,32,,EAN
Ístex,Léttlopi,0058 Dark grey,5690866300588,69.00,27,,EAN
Ístex,Léttlopi,0059 Black,5690866300595,69.00,31,,EAN
Ístex,Léttlopi,0085 Oatmeal,5690866300854,69.00,20,,EAN
Ístex,Léttlopi,0086 Light beige,5690866300861,69.00,20,,EAN
Ístex,Léttlopi,0867 Chocolate,5690866308676,69.00,31,,EAN
Ístex,Léttlopi,1402 Heaven blue,5690866314028,69.00,28,,EAN
Ístex,Léttlopi,1403 Lapis blue,5690866314035,69.00,21,,EAN
Ístex,Léttlopi,1404 Glacier blue,5690866314042,69.00,48,,EAN
Ístex,Léttlopi,1405 Bottle green,5690866314059,69.00,43,,EAN
Ístex,Léttlopi,1406 Spring green,5690866314066,69.00,14,,EAN
Ístex,Léttlopi,1407 Pine green,5690866314073,69.00,38,,EAN
Ístex,Léttlopi,1409 Garnet red,5690866314097,69.00,26,,EAN
Ístex,Léttlopi,1412 Pink,5690866314127,69.00,21,,EAN
Ístex,Léttlopi,1414 Violet,5690866314141,69.00,14,,EAN
Ístex,Léttlopi,1415 Rough sea,5690866314158,69.00,25,,EAN
Ístex,Léttlopi,1416 Moor,5690866314165,69.00,27,,EAN
Ístex,Léttlopi,1417 Frostbite,5690866314172,69.00,19,,EAN
Ístex,Léttlopi,1418 Straw,5690866314189,69.00,19,,EAN
Ístex,Léttlopi,1419 Barley,5690866314196,69.00,38,,EAN
Ístex,Léttlopi,1420 Murky,5690866314202,69.00,43,,EAN
Ístex,Léttlopi,1700 Air blue,5690866317005,69.00,41,,EAN
Ístex,Léttlopi,1701 Fjord blue,5690866317012,69.00,21,,EAN
Ístex,Léttlopi,1702 Milkyway,5690866317029,69.00,19,,EAN
Ístex,Léttlopi,1703 Mimosa,5690866317036,69.00,16,,EAN
Ístex,Léttlopi,1704 Apricot,5690866317043,69.00,13,,EAN
Ístex,Léttlopi,1705 Royal fuchsia,5690866317050,69.00,29,,EAN
Ístex,Léttlopi,1706 Lyme grass,5690866317067,69.00,34,,EAN
Ístex,Léttlopi,1707 Galaxy,5690866317074,69.00,28,,EAN
Ístex,Léttlopi,9418 Stone blue,5690866394181,69.00,22,,EAN
Ístex,Léttlopi,9419 Ocean blue,5690866394198,69.00,29,,EAN
Ístex,Léttlopi,9420 Navy blue,5690866394204,69.00,20,,EAN
Ístex,Léttlopi,9421 Celery green,5690866394211,69.00,31,,EAN
Ístex,Léttlopi,9423 Lagoon,5690866394235,69.00,32,,EAN
Ístex,Léttlopi,9426 Golden,5690866394266,69.00,15,,EAN
Ístex,Léttlopi,9427 Rust,5690866394273,69.00,33,,EAN
Ístex,Léttlopi,9431 Brick,5690866394310,69.00,22,,EAN
Ístex,Léttlopi,9432 Grape,5690866394327,69.00,39,,EAN
Ístex,Léttlopi,9434 Crimson red,5690866394341,69.00,18,,EAN
Cardiff Cashmere,Classic,501 Neve,,210.00,alias,alias,alias
Cardiff Cashmere,Classic,509 Silver,,210.00,alias,alias,alias
Cardiff Cashmere,Classic,511 Brown,,210.00,alias,alias,alias
Cardiff Cashmere,Classic,516 Nero,,210.00,alias,alias,alias
Cardiff Cashmere,Classic,517 Hermes,,210.00,alias,alias,alias
Cardiff Cashmere,Classic,518 Piombo,,210.00,alias,alias,alias
Cardiff Cashmere,Classic,543 Jungle,,210.00,alias,alias,alias
Cardiff Cashmere,Classic,544 Cristobal,,210.00,alias,,alias
Cardiff Cashmere,Classic,548 Cammeo,,210.00,alias,alias,alias
Cardiff Cashmere,Classic,550 Tadao,,210.00,alias,alias,alias
Cardiff Cashmere,Classic,599 Panna,,210.00,alias,alias,alias
Cardiff Cashmere,Classic,603 Muji,,210.00,alias,,alias
Cardiff Cashmere,Classic,622 Corteccia,,210.00,alias,alias,alias
Cardiff Cashmere,Classic,623 Candido,,210.00,alias,,alias
Cardiff Cashmere,Classic,628 Granata,,210.00,alias,alias,alias
Cardiff Cashmere,Classic,638 Indaco,,210.00,alias,alias,alias
Cardiff Cashmere,Classic,643 Cacao,,210.00,alias,alias,alias
Cardiff Cashmere,Classic,644 Baby,,210.00,alias,alias,alias
Cardiff Cashmere,Classic,647 Cosmo,,210.00,alias,alias,alias
Cardiff Cashmere,Classic,662 Marilyn,,210.00,alias,alias,alias
Cardiff Cashmere,Classic,666 Zar,,210.00,alias,alias,alias
Cardiff Cashmere,Classic,709 Life,,210.00,alias,,alias
Cardiff Cashmere,Classic,710 Fuji,,210.00,alias,alias,alias
Cardiff Cashmere,Classic,711 Sakura,,210.00,alias,alias,alias
Cardiff Cashmere,Classic,714 Scarlatta,,210.00,alias,,alias
Cardiff Cashmere,Classic,716 Hashi,,210.00,alias,,alias
Cardiff Cashmere,Classic,718 Buthan,,210.00,alias,,alias
Cardiff Cashmere,Classic,303 Touch,,215.00,,alias,alias
Cardiff Cashmere,Classic,305 Neon,,215.00,,alias,alias
Cardiff Cashmere,Classic,306,,215.00,,alias,alias
Cardiff Cashmere,Classic,307 Blazer,,215.00,,alias,alias
Cardiff Cashmere,Classic,310 Amor,,215.00,,alias,alias
Cardiff Cashmere,Classic,311 Dancing,,215.00,,alias,alias
Cardiff Cashmere,Classic,312 Polo,,215.00,,alias,alias
Cardiff Cashmere,Classic,520 Antracite,,215.00,,alias,alias
Cardiff Cashmere,Classic,546 Hoshi,,215.00,,alias,alias
Cardiff Cashmere,Classic,591 Runner,,215.00,,alias,alias
Cardiff Cashmere,Classic,601 Uva,,215.00,,alias,alias
Cardiff Cashmere,Classic,649 Ottoman,,215.00,,alias,alias
Cardiff Cashmere,Classic,719 Vichy,,215.00,,alias,alias
Cardiff Cashmere,Classic,720 Louis,,215.00,,alias,alias
Cardiff Cashmere,Classic,722 Lacca,,215.00,,alias,alias
Cardiff Cashmere,Classic,724 Swatch,,215.00,,alias,alias
Cardiff Cashmere,Classic,739 Japan Blue,,215.00,,,INGEN
Cardiff Cashmere,Classic,733 Baobab,,215.00,,alias,alias
Cardiff Cashmere,Prime,106 Muji,9917555033056,235.00,,24,EAN
Cardiff Cashmere,Prime,108 Indaco,9917555030680,235.00,,24,EAN
Cardiff Cashmere,Prime,110 Black,,235.00,alias,alias,alias
Cardiff Cashmere,Prime,113 Cristobal,9917555026935,235.00,,18,EAN
Cardiff Cashmere,Prime,119 Mose,9917555032196,235.00,,5,EAN
Cardiff Cashmere,Prime,133 Galileo,9917555029110,235.00,,13,EAN
Cardiff Cashmere,Prime,134 Marilyn,9917555032790,235.00,,4,EAN
Cardiff Cashmere,Prime,141 Zen,9917555031519,235.00,,8,EAN
Cardiff Cashmere,Prime,177 Neve,9917555031984,235.00,,15,EAN
Cardiff Cashmere,Prime,178 Buthan,9917555027949,235.00,,27,EAN
Cardiff Cashmere,Prime,186 Cacao,,235.00,alias,alias,alias
Cardiff Cashmere,Prime,107 Gospel,,235.00,,alias,alias
Cardiff Cashmere,Prime,116 Tadao,9917555031366,235.00,,11,EAN
Cardiff Cashmere,Prime,121 Hoshi,9917555031687,235.00,,26,EAN
Cardiff Cashmere,Prime,128 Sudan,,235.00,,alias,alias
Cardiff Cashmere,Prime,130 Memphis,9917555029714,235.00,,14,EAN
Cardiff Cashmere,Prime,146 Hermes,9917555030918,235.00,,25,EAN
Cardiff Cashmere,Prime,148 Romeo,,235.00,,alias,alias
Cardiff Cashmere,Prime,161 Jasper,9917555028373,235.00,,13,EAN
Cardiff Cashmere,Prime,162 Scarlatta,,235.00,,alias,alias
Cardiff Cashmere,Prime,179 Africa,9917555032394,235.00,,6,EAN
Cardiff Cashmere,Prime,180 Jungle,,235.00,,alias,alias
Cardiff Cashmere,Prime,187 Gerbera,,235.00,,alias,alias
Cardiff Cashmere,Prime,189 Granata,,235.00,,alias,alias
Isager,Alpaca 1,1,5744003420605,103.00,,6,EAN
Isager,Alpaca 1,100,5744003420858,103.00,,16,EAN
Isager,Alpaca 1,11,5744003420681,103.00,,13,EAN
Isager,Alpaca 1,16,5744003420698,103.00,,9,EAN
Isager,Alpaca 1,17,5744003420704,103.00,,10,EAN
Isager,Alpaca 1,21,5744003420711,103.00,,6,EAN
Isager,Alpaca 1,23,5744003420728,103.00,,10,EAN
Isager,Alpaca 1,3,5744003420629,103.00,,10,EAN
Isager,Alpaca 1,30,5744003420735,103.00,,7,EAN
Isager,Alpaca 1,33,5744003420742,103.00,,12,EAN
Isager,Alpaca 1,36,5744003420759,103.00,,9,EAN
Isager,Alpaca 1,40,5744003420766,103.00,,8,EAN
Isager,Alpaca 1,46,5744003420773,103.00,,14,EAN
Isager,Alpaca 1,47,5744003420780,103.00,,10,EAN
Isager,Alpaca 1,4s,5744003420643,103.00,,20,EAN
Isager,Alpaca 1,52,5744003420797,103.00,,7,EAN
Isager,Alpaca 1,54,5744003420803,103.00,,15,EAN
Isager,Alpaca 1,56,5744003420810,103.00,,1,EAN
Isager,Alpaca 1,59,5744003420827,103.00,,10,EAN
Isager,Alpaca 1,60,5744003420834,103.00,,7,EAN
Isager,Alpaca 1,61,5744003420841,103.00,,13,EAN
Isager,Alpaca 1,E0,5744003420599,103.00,,15,EAN
Isager,Alpaca 1,E2s,5744003420612,103.00,,11,EAN
Isager,Alpaca 1,E3s,5744003420636,103.00,,10,EAN
Isager,Alpaca 1,E4s,5744003420650,103.00,,16,EAN
Isager,Alpaca 1,E6s,5744003425624,103.00,,23,EAN
Isager,Alpaca 1,E7s,5744003420667,103.00,,17,EAN
Isager,Alpaca 1,E8s,5744003420674,103.00,,11,EAN
Isager,Alpaca 1,Forest,5744003420865,103.00,,10,EAN
Isager,Alpaca 1,Midnight,5744003420872,103.00,,6,EAN
Isager,Alpaca 1,Peach,5744003420889,103.00,,15,EAN
Isager,Alpaca 1,Sky,5744003420896,103.00,,17,EAN
Isager,Alpaca 1,Thyme,5744003420902,103.00,,15,EAN
Isager,Alpaca 2,1,5744003420926,93.00,,10,EAN
Isager,Alpaca 2,100,5744003421176,93.00,,7,EAN
Isager,Alpaca 2,11,5744003421008,93.00,,13,EAN
Isager,Alpaca 2,16,5744003421015,93.00,,10,EAN
Isager,Alpaca 2,17,5744003421022,93.00,,10,EAN
Isager,Alpaca 2,21,5744003421039,93.00,,13,EAN
Isager,Alpaca 2,23,5744003421046,93.00,,10,EAN
Isager,Alpaca 2,3,5744003420940,93.00,,10,EAN
Isager,Alpaca 2,30,5744003421053,93.00,,18,EAN
Isager,Alpaca 2,33,5744003421060,93.00,,9,EAN
Isager,Alpaca 2,36,5744003421077,93.00,,16,EAN
Isager,Alpaca 2,40,5744003421084,93.00,,15,EAN
Isager,Alpaca 2,46,5744003421091,93.00,,9,EAN
Isager,Alpaca 2,47,5744003421107,93.00,,9,EAN
Isager,Alpaca 2,4s,5744003420964,93.00,,13,EAN
Isager,Alpaca 2,52,5744003421114,93.00,,20,EAN
Isager,Alpaca 2,54,5744003421121,93.00,,9,EAN
Isager,Alpaca 2,56,5744003421138,93.00,,6,EAN
Isager,Alpaca 2,59,5744003421145,93.00,,10,EAN
Isager,Alpaca 2,60,5744003421152,93.00,,19,EAN
Isager,Alpaca 2,61,5744003421169,93.00,,20,EAN
Isager,Alpaca 2,E0,5744003420919,93.00,,22,EAN
Isager,Alpaca 2,E2s,5744003420933,93.00,,20,EAN
Isager,Alpaca 2,E3s,5744003420957,93.00,,12,EAN
Isager,Alpaca 2,E4s,5744003420971,93.00,,17,EAN
Isager,Alpaca 2,E6s,5744003425631,93.00,,15,EAN
Isager,Alpaca 2,E7s,5744003420988,93.00,,13,EAN
Isager,Alpaca 2,E8s,5744003420995,93.00,,13,EAN
Isager,Alpaca 2,Forest,5744003421183,93.00,,10,EAN
Isager,Alpaca 2,Midnight,5744003421190,93.00,,10,EAN
Isager,Alpaca 2,Peach,5744003421206,93.00,,1,EAN
Isager,Alpaca 2,Sky,5744003421213,93.00,,15,EAN
Isager,Alpaca 2,Thyme,5744003421220,93.00,,20,EAN
Isager,Alpaca 3,1,5744003421244,103.00,,36,EAN
Isager,Alpaca 3,100,5744003422906,103.00,,13,EAN
Isager,Alpaca 3,18,5744003421275,103.00,,18,EAN
Isager,Alpaca 3,30,5744003421282,103.00,,16,EAN
Isager,Alpaca 3,33,5744003421299,103.00,,14,EAN
Isager,Alpaca 3,42,5744003421305,103.00,,24,EAN
Isager,Alpaca 3,43,5744003421312,103.00,,22,EAN
Isager,Alpaca 3,47,5744003425464,103.00,,9,EAN
Isager,Alpaca 3,59,5744003421329,103.00,,19,EAN
Isager,Alpaca 3,E0,5744003421237,103.00,,18,EAN
Isager,Alpaca 3,E2s,5744003421251,103.00,,12,EAN
Isager,Alpaca 3,E4s,5744003425457,103.00,,15,EAN
Isager,Alpaca 3,E6s,5744003422890,103.00,,4,EAN
Isager,Alpaca 3,E8s,5744003421268,103.00,,6,EAN
Isager,Alpaca 3,Sky,5744003425471,103.00,,47,EAN
Isager,Alpaca 3,Thyme,5744003425488,103.00,,17,EAN
Isager,Bomulin,0,5744003422029,83.00,,21,EAN
Isager,Bomulin,1,5744003422036,83.00,,10,EAN
Isager,Bomulin,13,5744003422043,83.00,,25,EAN
Isager,Bomulin,16,5744003422050,83.00,,10,EAN
Isager,Bomulin,23,5744003422067,83.00,,20,EAN
Isager,Bomulin,30,5744003422074,83.00,,24,EAN
Isager,Bomulin,40,5744003422081,83.00,,5,EAN
Isager,Bomulin,41,5744003422098,83.00,,10,EAN
Isager,Bomulin,43,5744003422104,83.00,,19,EAN
Isager,Bomulin,46,5744003422111,83.00,,13,EAN
Isager,Bomulin,47,5744003422128,83.00,,16,EAN
Isager,Bomulin,58,5744003422135,83.00,,14,EAN
Isager,Bomulin,60,5744003422142,83.00,,3,EAN
Isager,Bomulin,62,5744003422159,83.00,,10,EAN
Isager,Highland Wool,Charcoal,5744003422449,76.00,,10,EAN
Isager,Highland Wool,Chili,5744003422456,76.00,,9,EAN
Isager,Highland Wool,Chocolate,5744003422463,76.00,,10,EAN
Isager,Highland Wool,E0,5744003422432,76.00,,13,EAN
Isager,Highland Wool,Moss,5744003422524,76.00,,5,EAN
Isager,Highland Wool,Navy,5744003423071,76.00,,10,EAN
Isager,Highland Wool,Sand,5744003422562,76.00,,20,EAN
Isager,Highland Wool,Stone,5744003422616,76.00,,10,EAN
Isager,Highland Wool,Wine,5744003422609,76.00,,14,EAN
Isager,Jensen,0,5744003424771,103.00,,18,EAN
Isager,Jensen,10,5744003425426,103.00,,18,EAN
Isager,Jensen,100,5744003424849,103.00,,23,EAN
Isager,Jensen,101,5744003424856,103.00,,15,EAN
Isager,Jensen,10s,5744003425310,103.00,,20,EAN
Isager,Jensen,13s,5744003424955,103.00,,20,EAN
Isager,Jensen,19s,5744003424962,103.00,,18,EAN
Isager,Jensen,26s,5744003424986,103.00,,16,EAN
Isager,Jensen,2s,5744003424870,103.00,,22,EAN
Isager,Jensen,30,5744003424795,103.00,,30,EAN
Isager,Jensen,32s,5744003425006,103.00,,17,EAN
Isager,Jensen,36s,5744003425662,103.00,,17,EAN
Isager,Jensen,3s,5744003424887,103.00,,20,EAN
Isager,Jensen,44s,5744003425020,103.00,,16,EAN
Isager,Jensen,47,5744003424818,103.00,,20,EAN
Isager,Jensen,4s,5744003424894,103.00,,20,EAN
Isager,Jensen,6s,5744003424900,103.00,,29,EAN
Isager,Jensen,7s,5744003424917,103.00,,21,EAN
Isager,Jensen,80,5744003425112,103.00,,18,EAN
Isager,Jensen,82,5744003425136,103.00,,6,EAN
Isager,Jensen,85,5744003425167,103.00,,11,EAN
Isager,Jensen,87,5744003425181,103.00,,15,EAN
Isager,Jensen,88,5744003425198,103.00,,20,EAN
Isager,Jensen,8s,5744003424924,103.00,,18,EAN
Isager,Jensen,92,5744003425235,103.00,,10,EAN
Isager,Jensen,93,5744003425242,103.00,,16,EAN
Isager,Merilin,1,5744003421718,98.00,,6,EAN
Isager,Merilin,10,5744003421749,98.00,,23,EAN
Isager,Merilin,10s,5744003422784,98.00,,11,EAN
Isager,Merilin,16,5744003421756,98.00,,10,EAN
Isager,Merilin,16s,5744003422791,98.00,,10,EAN
Isager,Merilin,1s,5744003422746,98.00,,17,EAN
Isager,Merilin,30s,5744003422807,98.00,,5,EAN
Isager,Merilin,31s,5744003422814,98.00,,9,EAN
Isager,Merilin,37s,5744003422821,98.00,,10,EAN
Isager,Merilin,3s,5744003422753,98.00,,7,EAN
Isager,Merilin,43,5744003421800,98.00,,16,EAN
Isager,Merilin,43s,5744003422838,98.00,,13,EAN
Isager,Merilin,4s,5744003422760,98.00,,14,EAN
Isager,Merilin,59,5744003421831,98.00,,12,EAN
Isager,Merilin,59s,5744003422845,98.00,,15,EAN
Isager,Merilin,61,5744003421848,98.00,,20,EAN
Isager,Merilin,70,5744003421862,98.00,,12,EAN
Isager,Merilin,7s,5744003421725,98.00,,17,EAN
Isager,Merilin,9,5744003421732,98.00,,30,EAN
Isager,Merilin,9s,5744003422777,98.00,,22,EAN
Isager,Merilin,E0,5744003421701,98.00,,4,EAN
Isager,Palet,Blush,5744003423439,108.00,,15,EAN
Isager,Palet,Bottle Green,5744003423446,108.00,,10,EAN
Isager,Palet,Camel,5744003423453,108.00,,10,EAN
Isager,Palet,Frost,5744003423460,108.00,,10,EAN
Isager,Palet,Granite,5744003423477,108.00,,10,EAN
Isager,Palet,Green Tea,5744003423484,108.00,,10,EAN
Isager,Palet,Indigo,5744003423491,108.00,,10,EAN
Isager,Palet,Ink,5744003423507,108.00,,30,EAN
Isager,Palet,Linen,5744003423514,108.00,,21,EAN
Isager,Palet,Navy,5744003423521,108.00,,11,EAN
Isager,Palet,Nougat,5744003423538,108.00,,10,EAN
Isager,Palet,Powder,5744003423545,108.00,,12,EAN
Isager,Palet,Sage,5744003423552,108.00,,10,EAN
Isager,Palet,White,5744003423569,108.00,,0,EAN
Isager,Soft,10,5744003423293,93.00,,14,EAN
Isager,Soft,100,5744003423347,93.00,,25,EAN
Isager,Soft,12,5744003425716,93.00,,23,EAN
Isager,Soft,28,5744003423309,93.00,,20,EAN
Isager,Soft,30,5744003423316,93.00,,38,EAN
Isager,Soft,33,5744003425723,93.00,,10,EAN
Isager,Soft,37,5744003423323,93.00,,10,EAN
Isager,Soft,58,5744003423330,93.00,,17,EAN
Isager,Soft Fine,1,5744003425532,103.00,,19,EAN
Isager,Soft Fine,100,5744003425419,103.00,,9,EAN
Isager,Soft Fine,11,5744003425372,103.00,,20,EAN
Isager,Soft Fine,12,5744003425563,103.00,,19,EAN
Isager,Soft Fine,28,5744003425389,103.00,,14,EAN
Isager,Soft Fine,E2s,5744003425327,103.00,,14,EAN
Isager,Soft Fine,3,5744003425549,103.00,,19,EAN
Isager,Soft Fine,30,5744003425396,103.00,,16,EAN
Isager,Soft Fine,35,5744003425402,103.00,,13,EAN
Isager,Soft Fine,36,5744003425518,103.00,,15,EAN
Isager,Soft Fine,37,5744003425556,103.00,,0,EAN
Isager,Soft Fine,54,5744003425495,103.00,,16,EAN
Isager,Soft Fine,57,5744003425501,103.00,,11,EAN
Isager,Soft Fine,62,5744003425525,103.00,,20,EAN
Isager,Soft Fine,E4s,5744003425334,103.00,,20,EAN
Isager,Soft Fine,E6s,5744003425341,103.00,,26,EAN
Isager,Soft Fine,E7s,5744003425358,103.00,,34,EAN
Isager,Soft Fine,E8s,5744003425365,103.00,,20,EAN
Isager,Spinni,0,5744003423576,101.00,,16,EAN
Isager,Spinni,10,5744003423606,101.00,,10,EAN
Isager,Spinni,100,5744003423835,101.00,,16,EAN
Isager,Spinni,101,5744003423842,101.00,,14,EAN
Isager,Spinni,11s,5744003423934,101.00,,10,EAN
Isager,Spinni,15s,5744003423965,101.00,,6,EAN
Isager,Spinni,16,5744003423613,101.00,,10,EAN
Isager,Spinni,19,5744003423637,101.00,,6,EAN
Isager,Spinni,22s,5744003423996,101.00,,8,EAN
Isager,Spinni,25s,5744003424016,101.00,,10,EAN
Isager,Spinni,26,5744003423668,101.00,,10,EAN
Isager,Spinni,28,5744003423675,101.00,,10,EAN
Isager,Spinni,28s,5744003424047,101.00,,12,EAN
Isager,Spinni,29s,5744003424054,101.00,,14,EAN
Isager,Spinni,2s,5744003423866,101.00,,12,EAN
Isager,Spinni,3,,101.00,,,INGEN
Isager,Spinni,30,5744003423682,101.00,,16,EAN
Isager,Spinni,32s,5744003424061,101.00,,14,EAN
Isager,Spinni,33s,5744003424078,101.00,,15,EAN
Isager,Spinni,34,5744003423705,101.00,,6,EAN
Isager,Spinni,36s,5744003425655,101.00,,10,EAN
Isager,Spinni,37s,5744003424092,101.00,,9,EAN
Isager,Spinni,39s,5744003424108,101.00,,10,EAN
Isager,Spinni,3s,5744003423873,101.00,,10,EAN
Isager,Spinni,47,5744003423750,101.00,,10,EAN
Isager,Spinni,52s,5744003424139,101.00,,10,EAN
Isager,Spinni,55,5744003423774,101.00,,10,EAN
Isager,Spinni,56s,5744003424146,101.00,,9,EAN
Isager,Spinni,58,5744003423781,101.00,,14,EAN
Isager,Spinni,61s,5744003424160,101.00,,10,EAN
Isager,Spinni,62,5744003423811,101.00,,9,EAN
Isager,Spinni,6s,5744003423897,101.00,,5,EAN
Isager,Spinni,7s,5744003423903,101.00,,10,EAN
Isager,Spinni,8s,5744003423910,101.00,,24,EAN
Isager,Trio 1,Blush,5744003422210,97.00,,13,EAN
Isager,Trio 1,Bordeaux,5744003422227,97.00,,18,EAN
Isager,Trio 1,Bottle Green,5744003422234,97.00,,10,EAN
Isager,Trio 1,Camel,5744003422241,97.00,,8,EAN
Isager,Trio 1,Chestnut,5744003422258,97.00,,8,EAN
Isager,Trio 1,Frost,5744003422265,97.00,,11,EAN
Isager,Trio 1,Granite,5744003422272,97.00,,8,EAN
Isager,Trio 1,Green Tea,5744003422289,97.00,,9,EAN
Isager,Trio 1,Indigo,5744003422296,97.00,,16,EAN
Isager,Trio 1,Ink,5744003422302,97.00,,9,EAN
Isager,Trio 1,Linen,5744003422333,97.00,,37,EAN
Isager,Trio 1,Navy,5744003422340,97.00,,13,EAN
Isager,Trio 1,Nougat,5744003422357,97.00,,13,EAN
Isager,Trio 1,Petroleum,5744003422364,97.00,,10,EAN
Isager,Trio 1,Powder,5744003422371,97.00,,13,EAN
Isager,Trio 1,Sage,5744003422388,97.00,,10,EAN
Isager,Trio 1,Sky,5744003422395,97.00,,13,EAN
Isager,Trio 1,Strawberry,5744003422401,97.00,,16,EAN
Isager,Trio 1,Thyme,5744003422418,97.00,,20,EAN
Isager,Trio 1,White,5744003422425,97.00,,12,EAN
Isager,Trio 2,Blush,5744003422623,97.00,,10,EAN
Isager,Trio 2,Bordeaux,5744003422630,97.00,,14,EAN
Isager,Trio 2,Bottle Green,5744003422647,97.00,,10,EAN
Isager,Trio 2,Camel,5744003423132,97.00,,21,EAN
Isager,Trio 2,Chestnut,5744003423149,97.00,,16,EAN
Isager,Trio 2,Granite,5744003423156,97.00,,6,EAN
Isager,Trio 2,Green Tea,5744003422661,97.00,,1,EAN
Isager,Trio 2,Indigo,5744003422678,97.00,,10,EAN
Isager,Trio 2,Ink,5744003422975,97.00,,3,EAN
Isager,Trio 2,Khaki,5744003423163,97.00,,20,EAN
Isager,Trio 2,Lemon,5744003422685,97.00,,8,EAN
Isager,Trio 2,Linen,5744003422692,97.00,,18,EAN
Isager,Trio 2,Navy,5744003422708,97.00,,20,EAN
Isager,Trio 2,Nougat,5744003423170,97.00,,21,EAN
Isager,Trio 2,Petroleum,5744003423187,97.00,,10,EAN
Isager,Trio 2,Powder,5744003422715,97.00,,16,EAN
Isager,Trio 2,Sage,5744003422722,97.00,,9,EAN
Isager,Trio 2,Sky,5744003423194,97.00,,15,EAN
Isager,Trio 2,Strawberry,5744003422739,97.00,,13,EAN
Isager,Trio 2,Thyme,5744003423200,97.00,,10,EAN
Isager,Tvinni,0,5744003424177,119.00,,35,EAN
Isager,Tvinni,10,5744003424207,119.00,,10,EAN
Isager,Tvinni,100,5744003424436,119.00,,10,EAN
Isager,Tvinni,101,5744003424443,119.00,,10,EAN
Isager,Tvinni,11s,5744003424535,119.00,,10,EAN
Isager,Tvinni,15s,5744003424566,119.00,,4,EAN
Isager,Tvinni,16,5744003424214,119.00,,10,EAN
Isager,Tvinni,19,5744003424238,119.00,,6,EAN
Isager,Tvinni,22,5744003424245,119.00,,4,EAN
Isager,Tvinni,22s,5744003424597,119.00,,10,EAN
Isager,Tvinni,25s,5744003424610,119.00,,16,EAN
Isager,Tvinni,26,5744003424269,119.00,,10,EAN
Isager,Tvinni,28,5744003424276,119.00,,18,EAN
Isager,Tvinni,28s,5744003424641,119.00,,13,EAN
Isager,Tvinni,29s,5744003424658,119.00,,10,EAN
Isager,Tvinni,2s,5744003424467,119.00,,10,EAN
Isager,Tvinni,30,5744003424283,119.00,,17,EAN
Isager,Tvinni,32s,5744003424665,119.00,,17,EAN
Isager,Tvinni,33s,5744003424672,119.00,,8,EAN
Isager,Tvinni,34,5744003424306,119.00,,16,EAN
Isager,Tvinni,37s,5744003424696,119.00,,10,EAN
Isager,Tvinni,39s,5744003424702,119.00,,9,EAN
Isager,Tvinni,3s,5744003424474,119.00,,20,EAN
Isager,Tvinni,4,5744003424191,119.00,,10,EAN
Isager,Tvinni,40s,5744003424719,119.00,,10,EAN
Isager,Tvinni,44,5744003424337,119.00,,10,EAN
Isager,Tvinni,47,5744003424351,119.00,,10,EAN
Isager,Tvinni,52s,5744003424733,119.00,,10,EAN
Isager,Tvinni,55,5744003424375,119.00,,10,EAN
Isager,Tvinni,56s,5744003424740,119.00,,10,EAN
Isager,Tvinni,58,5744003424382,119.00,,20,EAN
Isager,Tvinni,60s,5744003424757,119.00,,10,EAN
Isager,Tvinni,61s,5744003424764,119.00,,10,EAN
Isager,Tvinni,62,5744003424412,119.00,,10,EAN
Isager,Tvinni,6s,5744003424498,119.00,,13,EAN
Isager,Tvinni,7s,5744003424504,119.00,,19,EAN
Isager,Tvinni,8s,5744003424511,119.00,,22,EAN
Isager,Tweed,Autumn,5744003421336,102.00,,9,EAN
Isager,Tweed,Bottle Green,5744003421343,102.00,,6,EAN
Isager,Tweed,Charcoal,5744003421350,102.00,,27,EAN
Isager,Tweed,Chocolate,5744003421367,102.00,,22,EAN
Isager,Tweed,Denim,5744003421374,102.00,,10,EAN
Isager,Tweed,Granite,5744003421381,102.00,,7,EAN
Isager,Tweed,Lemon,5744003421398,102.00,,4,EAN
Isager,Tweed,Lime,5744003421404,102.00,,7,EAN
Isager,Tweed,Moss,5744003421411,102.00,,12,EAN
Isager,Tweed,Mustard,5744003421428,102.00,,7,EAN
Isager,Tweed,Navy,5744003421435,102.00,,12,EAN
Isager,Tweed,North Sea,5744003421442,102.00,,9,EAN
Isager,Tweed,Oak,5744003421459,102.00,,34,EAN
Isager,Tweed,Paprika,,102.00,,alias,alias
Isager,Tweed,Plum,5744003421480,102.00,,10,EAN
Isager,Tweed,Purple,5744003421473,102.00,,5,EAN
Isager,Tweed,Rasberry,5744003421497,102.00,,10,EAN
Isager,Tweed,Raw White,5744003421503,102.00,,6,EAN
Isager,Tweed,Sand,5744003421510,102.00,,25,EAN
Isager,Tweed,Topaz,5744003421534,102.00,,9,EAN
Isager,Tweed,Turquoise,5744003421541,102.00,,9,EAN
Isager,Tweed,Walnut,5744003421558,102.00,,10,EAN
Isager,Tweed,Wine,5744003421565,102.00,,18,EAN
Isager,Tweed,Winter Grey,5744003421572,102.00,,13,EAN
Ístex,Álafosslopi,0005 Black heather,5690866200055,109.00,32,,EAN
Ístex,Álafosslopi,0008 Light denim,5690866200086,109.00,17,,EAN
Ístex,Álafosslopi,0010 Denim,5690866200109,109.00,26,,EAN
Ístex,Álafosslopi,0047 Happy red,5690866200475,109.00,17,,EAN
Ístex,Álafosslopi,0051 White,5690866200512,109.00,34,,EAN
Ístex,Álafosslopi,0052 Black sheep,5690866200529,109.00,23,,EAN
Ístex,Álafosslopi,0053 Acorn,5690866200536,109.00,22,,EAN
Ístex,Álafosslopi,0054 Ash,5690866200543,109.00,29,,EAN
Ístex,Álafosslopi,0056 Light grey,5690866200567,109.00,13,,EAN
Ístex,Álafosslopi,0057 Grey,5690866200574,109.00,25,,EAN
Ístex,Álafosslopi,0058 Dark grey,5690866200581,109.00,19,,EAN
Ístex,Álafosslopi,0059 Black,5690866200598,109.00,24,,EAN
Ístex,Álafosslopi,0085 Oatmeal,5690866200857,109.00,19,,EAN
Ístex,Álafosslopi,0086 Light beige,5690866200864,109.00,30,,EAN
Ístex,Álafosslopi,0118 Navy,5690866201182,109.00,29,,EAN
Ístex,Álafosslopi,0159 Orchid,5690866201595,109.00,0,,EAN
Ístex,Álafosslopi,0163 Dark soft purple,5690866201632,109.00,19,,EAN
Ístex,Álafosslopi,0709 Midnight blue,5690866207092,109.00,13,,EAN
Ístex,Álafosslopi,0867 Chocolate,5690866208679,109.00,33,,EAN
Ístex,Álafosslopi,1230 Highland green,5690866212300,109.00,18,,EAN
Ístex,Álafosslopi,1231 Garden green,5690866212317,109.00,30,,EAN
Ístex,Álafosslopi,1232 Arctic exposure,5690866212324,109.00,24,,EAN
Ístex,Álafosslopi,1233 Space blue,5690866212331,109.00,17,,EAN
Ístex,Álafosslopi,1234 Blue tweed,5690866212348,109.00,17,,EAN
Ístex,Álafosslopi,1235 Ray of light,5690866212355,109.00,11,,EAN
Ístex,Álafosslopi,1236 Burnt orange,5690866212362,109.00,15,,EAN
Ístex,Álafosslopi,1237 Sheep sorrel,5690866212379,109.00,15,,EAN
Ístex,Álafosslopi,1238 Dusk red,5690866212386,109.00,21,,EAN
Ístex,Álafosslopi,1239 Winter morning,5690866212393,109.00,20,,EAN
Ístex,Álafosslopi,1240 Dark magenta,5690866212409,109.00,25,,EAN
Ístex,Álafosslopi,1242 Oxblood red,5690866212423,109.00,20,,EAN
Ístex,Álafosslopi,9958 Light indigo,5690866299585,109.00,22,,EAN
Ístex,Álafosslopi,9959 Indigo,5690866299592,109.00,25,,EAN
Ístex,Álafosslopi,9961 Bordeaux,5690866299615,109.00,17,,EAN
Ístex,Álafosslopi,9962 Ruby red,5690866299622,109.00,34,,EAN
Ístex,Álafosslopi,9964 Golden,5690866299646,109.00,21,,EAN
Ístex,Álafosslopi,9965 Chartreuse green,5690866299653,109.00,13,,EAN
Ístex,Álafosslopi,9966 Cypress green,5690866299660,109.00,35,,EAN
Ístex,Álafosslopi,9967 Teal,5690866299677,109.00,23,,EAN
Ístex,Álafosslopi,9969 Fuchsia,5690866299691,109.00,12,,EAN
Ístex,Álafosslopi,9971 Amber,5690866299714,109.00,22,,EAN
Ístex,Álafosslopi,9972 Ecru,5690866299721,109.00,24,,EAN
Ístex,Álafosslopi,9973 Wheat,5690866299738,109.00,14,,EAN
Ístex,Álafosslopi,9974 Light grey tweed,5690866299745,109.00,56,,EAN
Ístex,Álafosslopi,9975 Black tweed,5690866299752,109.00,26,,EAN
Ístex,Álafosslopi,9976 Beige Tweed,5690866299769,109.00,41,,EAN
Ístex,Álafosslopi,9983 Apple green,5690866299837,109.00,10,,EAN
Ístex,Álafosslopi,9987 Dark olive,5690866299875,109.00,25,,EAN
Ístex,Fjallalopi,3001 Light moorit,5690866530015,69.00,11,,EAN
Ístex,Fjallalopi,3002 Moorit,5690866530022,69.00,23,,EAN
Ístex,Fjallalopi,3003 Deep brown,5690866530039,69.00,24,,EAN
Ístex,Fjallalopi,3004 Ram,5690866530046,69.00,28,,EAN
Ístex,Fjallalopi,3020 Dusk blue,5690866530206,69.00,9,,EAN
Ístex,Fjallalopi,3021 Bay blue,5690866530213,69.00,26,,EAN
Ístex,Fjallalopi,3022 Spring blue,5690866530220,69.00,22,,EAN
Ístex,Fjallalopi,3023 Polar night,5690866530237,69.00,21,,EAN
Ístex,Fjallalopi,3024 Glacier sand,5690866530244,69.00,12,,EAN
Ístex,Fjallalopi,3025 Mountain blue,5690866530251,69.00,35,,EAN
Ístex,Fjallalopi,3030 Green energy,5690866530305,69.00,13,,EAN
Ístex,Fjallalopi,3031 Moss,5690866530312,69.00,26,,EAN
Ístex,Fjallalopi,3032 Rockweed,5690866530329,69.00,13,,EAN
Ístex,Fjallalopi,3040 Summer yellow,5690866530404,69.00,23,,EAN
Ístex,Fjallalopi,3041 Mustard,5690866530411,69.00,25,,EAN
Ístex,Fjallalopi,3042 Ginger,5690866530428,69.00,19,,EAN
Ístex,Fjallalopi,3051 Lily white,5690866530510,69.00,20,,EAN
Ístex,Fjallalopi,3054 Frost grey,5690866530541,69.00,21,,EAN
Ístex,Fjallalopi,3056 Grey sky,5690866530565,69.00,35,,EAN
Ístex,Fjallalopi,3058 Gravel grey,5690866530589,69.00,28,,EAN
Ístex,Fjallalopi,3059 Raven black,5690866530596,69.00,16,,EAN
Ístex,Fjallalopi,3060 Marron,5690866530602,69.00,28,,EAN
Ístex,Fjallalopi,3061 Currant,5690866530619,69.00,23,,EAN
Ístex,Fjallalopi,3070 River beauty,5690866530701,69.00,14,,EAN
Ístex,Fjallalopi,3071 Misty rose,5690866530718,69.00,16,,EAN
Ístex,Fjallalopi,3072 Rubarb,5690866530725,69.00,13,,EAN
Ístex,Fjallalopi,3073 Purple rain,5690866530732,69.00,19,,EAN
Ístex,Fjallalopi,3074 Periwinkle,5690866530749,69.00,26,,EAN
Ístex,Plötulopi,0001 White,5690866100010,109.00,13,,EAN
Ístex,Plötulopi,0003 Light beige,5690866100034,109.00,18,,EAN
Ístex,Plötulopi,0005 Black heather,5690866100058,109.00,14,,EAN
Ístex,Plötulopi,0009 Brown,5690866100096,109.00,10,,EAN
Ístex,Plötulopi,0059 Black,5690866100591,109.00,10,,EAN
Ístex,Plötulopi,0118 Navy,5690866101185,109.00,10,,EAN
Ístex,Plötulopi,0417 Red,,109.00,,,INGEN
Ístex,Plötulopi,0484 Forest green,5690866104841,109.00,16,,EAN
Ístex,Plötulopi,0709 Midnight blue,5690866107095,109.00,10,,EAN
Ístex,Plötulopi,1026 Ash,5690866110262,109.00,9,,EAN
Ístex,Plötulopi,1027 Light Grey,5690866110279,109.00,14,,EAN
Ístex,Plötulopi,1030 Oatmeal,5690866110309,109.00,10,,EAN
Ístex,Plötulopi,1032 Chocolate,5690866110323,109.00,13,,EAN
Ístex,Plötulopi,1033 Black sheep,5690866110330,109.00,7,,EAN
Ístex,Plötulopi,1038 Ivory beige,5690866110385,109.00,9,,EAN
Ístex,Plötulopi,1420 Marsh,5690866114208,109.00,10,,EAN
Ístex,Plötulopi,1421 Spruce green,5690866114215,109.00,13,,EAN
Ístex,Plötulopi,1423 Clover green,5690866114239,109.00,14,,EAN
Ístex,Plötulopi,1424 Golden yellow,5690866114246,109.00,8,,EAN
Ístex,Plötulopi,1425 Sunset rose,5690866114253,109.00,7,,EAN
Ístex,Plötulopi,1426 Dark Amber,5690866114260,109.00,9,,EAN
Ístex,Plötulopi,1427 Jasper red,5690866114277,109.00,10,,EAN
Ístex,Plötulopi,1428 Plum,5690866114284,109.00,10,,EAN
Ístex,Plötulopi,1430 Carmine red,5690866114307,109.00,10,,EAN
Ístex,Plötulopi,1431 Arctic blue heather,5690866114314,109.00,17,,EAN
Ístex,Plötulopi,1432 Winter blue heather,5690866114321,109.00,15,,EAN
Ístex,Plötulopi,2020 Dark woods,5690866120209,109.00,13,,EAN
Ístex,Plötulopi,2021 Frost grass,,109.00,alias,,alias
Ístex,Plötulopi,2022 Blues blue,5690866120223,109.00,16,,EAN
Ístex,Plötulopi,2023 Light blues blue,,109.00,alias,,alias
Ístex,Plötulopi,2024 Black cosmos,5690866120247,109.00,7,,EAN
Ístex,Plötulopi,2025 Gulf stream,5690866120254,109.00,8,,EAN
Ístex,Plötulopi,2026 Amethyst,5690866120261,109.00,6,,EAN
Ístex,Plötulopi,2027 Wine red,,109.00,alias,,alias
Ístex,Plötulopi,2028 Golden blush,5690866120285,109.00,9,,EAN
Ístex,Plötulopi,9102 Grey,5690866191025,109.00,11,,EAN
Ístex,Plötulopi,9103 Dark grey,5690866191032,109.00,7,,EAN
Ístex,Plötulopi,9448 Royal blue,,109.00,alias,,alias
Lana Grossa,Basta,001 Rohweiß,4033493370493,99.00,,26,EAN
Lana Grossa,Basta,002 Hellbeige,4033493370509,99.00,,40,EAN
Lana Grossa,Basta,004 Silbergrau,4033493370523,99.00,,11,EAN
Lana Grossa,Basta,008 Bonbonrosa,4033493370561,99.00,,10,EAN
Lana Grossa,Basta,015,4033493370639,99.00,,4,EAN
Lana Grossa,Basta,017 Zartblau,4033493370653,99.00,,18,EAN
Lana Grossa,Basta,018 Veilchenrosa,4033493370660,99.00,,34,EAN
Lana Grossa,Basta,019 Lila,4033493370677,99.00,,15,EAN
Lana Grossa,Basta,021 Blau,4033493370691,99.00,,33,EAN
Lana Grossa,Basta,022 Schwarz,4033493370707,99.00,,15,EAN
Lana Grossa,Basta,024 Dunkelblau,4033493389952,99.00,,13,EAN
Lana Grossa,Basta,026 Brombeer,4033493389976,99.00,,17,EAN
Lana Grossa,Basta,032 Vanille,4033493390040,99.00,,0,EAN
Lana Grossa,Basta,027 Leuchtendrot,4033493389983,99.00,,20,EAN
Lana Grossa,Basta,033 Schokobraun,4033493390057,99.00,,20,EAN
Lana Grossa,Cool Wool,432 Ecru,4033493003889,95.00,,21,EAN
Lana Grossa,Cool Wool,526 Beige,4033493049849,95.00,,0,EAN
Lana Grossa,Cool Wool,590 Natur,4033493123112,95.00,,20,EAN
Lana Grossa,Cool Wool Vintage,7361 Oliv,4033493343831,95.00,,11,EAN
Lana Grossa,Cool Wool Vintage,7362 Senf,4033493343848,95.00,,19,EAN
Lana Grossa,Cool Wool Vintage,7365 Pflaume,4033493343879,95.00,,7,EAN
Lana Grossa,Cool Wool Vintage,7366 Dunkelblau,4033493343886,95.00,,5,EAN
Lana Grossa,Cool Wool Vintage,7368 Grüngrau,4033493343909,95.00,,12,EAN
Lana Grossa,Cool Wool Vintage,7369 Hellgrau,4033493343916,95.00,,12,EAN
Lana Grossa,Cool Wool Vintage,7370 Anthrazit,4033493343923,95.00,,20,EAN
Lana Grossa,Cool Wool Vintage,7377 Indischrot,4033493363945,95.00,,20,EAN
Lana Grossa,Cool Wool Vintage,7378 Hellblau,4003493363952,95.00,,10,EAN
Lana Grossa,Cool Wool Vintage,7379 Petrol,4033493363969,95.00,,3,EAN
Lana Grossa,Cool Wool Vintage,7380 Patinagrün,4033493363976,95.00,,10,EAN
Lana Grossa,Cool Wool Vintage,7381,4033493363983,95.00,,11,EAN
Lana Grossa,Cool Wool Vintage,7382 Sandbeige,4033493363990,95.00,,13,EAN
Lana Grossa,Cool Wool Vintage,7383 Rehbraun,4033493364003,95.00,,7,EAN
Lana Grossa,Cool Wool Vintage,7384 Dunkelbraun,4033493364010,95.00,,13,EAN
Lana Grossa,Cool Wool Vintage,7386 Camel-Lila,4033493378291,95.00,,0,EAN
Lana Grossa,Cool Wool Vintage,7388 Orangebraun,4033493384780,95.00,,16,EAN
Lana Grossa,Cool Wool Vintage,7389 Pink,4033493384797,95.00,,5,EAN
Lana Grossa,Cool Wool Vintage,7390 Kornblume,4033493384803,95.00,,19,EAN
Lana Grossa,Cool Wool Vintage,7391 Dunkelgrau,4033493384810,95.00,,22,EAN
Lana Grossa,Cool Wool Vintage,7392 Grasgrün,4033493384827,95.00,,2,EAN
Lana Grossa,Cosmo,001 Weiß,4033493391986,179.00,,8,EAN
Lana Grossa,Cosmo,002 Hellgrau,4033493391993,179.00,,18,EAN
Lana Grossa,Cosmo,003 Grau,4033493392006,179.00,,10,EAN
Lana Grossa,Cosmo,004 Dunkelgrau,4033493392013,179.00,,10,EAN
Lana Grossa,Cosmo,005 Schwarz,4033493392020,179.00,,3,EAN
Lana Grossa,Cosmo,006 Mokka,4033493392037,179.00,,27,EAN
Lana Grossa,Cosmo,007 Nougat,4033493392044,179.00,,7,EAN
Lana Grossa,Cosmo,008 Karamell,4033493392051,179.00,,6,EAN
Lana Grossa,Cosmo,009 Wüstengelb,4033493392068,179.00,,9,EAN
Lana Grossa,Cosmo,010 Sandbeige,4033493392075,179.00,,8,EAN
Lana Grossa,Cosmo,011 Hellbeige,4033493392082,179.00,,9,EAN
Lana Grossa,Cosmo,012 Blassrosa,4033493392099,179.00,,10,EAN
Lana Grossa,Cosmo,013 Zartrosa,4033493392105,179.00,,9,EAN
Lana Grossa,Cosmo,014 Altrosa,4033493392112,179.00,,13,EAN
Lana Grossa,Cosmo,015 Fuchsia,4033493392129,179.00,,6,EAN
Lana Grossa,Cosmo,016 Weinrot,4033493392136,179.00,,20,EAN
Lana Grossa,Cosmo,017 Burgund,4033493392143,179.00,,17,EAN
Lana Grossa,Cosmo,018 Dunkelviolett,4033493392150,179.00,,10,EAN
Lana Grossa,Cosmo,019 Nachtblau,4033493392167,179.00,,4,EAN
Lana Grossa,Cosmo,020 Hellblau,4033493392174,179.00,,9,EAN
Lana Grossa,Cosmo,021 Helltürkis,4033493392181,179.00,,5,EAN
Lana Grossa,Cosmo,022 Dunkeloliv,4033493392198,179.00,,10,EAN
Lana Grossa,Glamour,001 Silbergrau,4033493393577,99.00,,9,EAN
Lana Grossa,Glamour,002 Graulila,4033493393584,99.00,,14,EAN
Lana Grossa,Glamour,003 Lila,4033493393591,99.00,,28,EAN
Lana Grossa,Glamour,004 Zartblau,4033493393607,99.00,,29,EAN
Lana Grossa,Glamour,005 Nachtblau,4033493393614,99.00,,7,EAN
Lana Grossa,Glamour,006 Schwarz,4033493393621,99.00,,18,EAN
Lana Grossa,Glamour,007 Rot,4033493393638,99.00,,19,EAN
Lana Grossa,Glamour,008 Kardinalrot,4033493393645,99.00,,31,EAN
Lana Grossa,Glamour,009 Bordeaux,4033493393652,99.00,,33,EAN
Lana Grossa,Glamour,010 Beige,4033493393669,99.00,,21,EAN
Lana Grossa,Glamour,011 Camel,4033493393676,99.00,,19,EAN
Lana Grossa,Glamour,012 Anthrazit,4033493393683,99.00,,20,EAN
Lana Grossa,Glamour,013 Zimtbraun,4033493393690,99.00,,22,EAN
Lana Grossa,Glamour,014 Mokkabraun,4033493393706,99.00,,8,EAN
Lana Grossa,Glamour,015 Lindgrün,4033493393713,99.00,,16,EAN
Lana Grossa,Glamour,016 Dunkelgrün,4033493393720,99.00,,39,EAN
Lana Grossa,Glamour,017 Oliv,4033493393737,99.00,,17,EAN
Lana Grossa,Glamour,018 Goldgelb,4033493393744,99.00,,20,EAN
Lana Grossa,Setasuri,001 Weiß,4033493298674,105.00,,17,EAN
Lana Grossa,Setasuri,002 Creme,4033493298681,105.00,,14,EAN
Lana Grossa,Setasuri,004 Nougat,4033493298704,105.00,,4,EAN
Lana Grossa,Setasuri,008 Rosa,4033493298742,105.00,,26,EAN
Lana Grossa,Setasuri,010 Weinrot,4033493298766,105.00,,10,EAN
Lana Grossa,Setasuri,011 Lila,4033493298773,105.00,,10,EAN
Lana Grossa,Setasuri,012 Graphitblau,4033493298780,105.00,,10,EAN
Lana Grossa,Setasuri,016 Graugrün,4033493298827,105.00,,27,EAN
Lana Grossa,Setasuri,019 Hellgrau,4033493298858,105.00,,20,EAN
Lana Grossa,Setasuri,020 Schwarz,4033493298865,105.00,,10,EAN
Lana Grossa,Setasuri,021 Beige,4033493314718,105.00,,15,EAN
Lana Grossa,Setasuri,025 Nelke,4033493314756,105.00,,5,EAN
Lana Grossa,Setasuri,028 Türkis,4033493314787,105.00,,9,EAN
Lana Grossa,Setasuri,031 Bordeaux,4033493320597,105.00,,10,EAN
Lana Grossa,Setasuri,042,4033493335195,105.00,,10,EAN
Lana Grossa,Setasuri,044 Himmelblau,4033493335218,105.00,,24,EAN
Lana Grossa,Setasuri,058 Hellbeige,4033493355490,105.00,,20,EAN
Lana Grossa,Setasuri,063 Rostorange,4033493363082,105.00,,10,EAN
Lana Grossa,Setasuri,067 Mokka,4033493363129,105.00,,10,EAN
Lana Grossa,Setasuri,071,4033493376549,105.00,,9,EAN
Lana Grossa,Setasuri,072 Apfelgrün,4033493376556,105.00,,31,EAN
Lana Grossa,Setasuri,075 Pink,4033493382182,105.00,,5,EAN
Permin,Bella,201 Hvid,5702858832011,139.00,41,,EAN
Permin,Bella,202 Naturhvid,5702858832028,139.00,27,,EAN
Permin,Bella,209 Grå,5702858832097,139.00,30,,EAN
Permin,Bella,210 Sort,5702858832103,139.00,30,,EAN
Permin,Bella,2100 Granskov,5702888331003,139.00,20,,EAN
Permin,Bella,2101 Smørblomst,5702888321011,139.00,19,,EAN
Permin,Bella,2102 Nougatdrøm,5702888321028,139.00,19,,EAN
Permin,Bella,2103 Rosaballet,5702888321035,139.00,20,,EAN
Permin,Bella,2104 Lemonade,5702888321042,139.00,24,,EAN
Permin,Bella,2105 Mint sorbet,5702888321059,139.00,19,,EAN
Permin,Bella,227 Mørk petrol,5702858832271,139.00,1,,EAN
Permin,Bella,228 Efterårsbær,5702858832288,139.00,8,,EAN
Permin,Bella,229 Gojibær,570285883295,139.00,15,,EAN
Permin,Bella,239 Dark army,5702858832394,139.00,17,,EAN
Permin,Bella,240 Patina Grøn,5702858832400,139.00,8,,EAN
Permin,Bella,242 Kobber,5702858832424,139.00,3,,EAN
Permin,Bella,243 Brun,5702858832431,139.00,6,,EAN
Permin,Bella,244 Karri,5702858832448,139.00,2,,EAN
Permin,Bella,245 Gammelrosa,5702858832455,139.00,-1,,EAN
Permin,Bella,246 Bordeaux,5702858832462,139.00,0,,EAN
Permin,Bella,247 Pink,5702858832479,139.00,12,,EAN
Permin,Bella,249 Kobolt,5702858832493,139.00,24,,EAN
Permin,Bella,251 Mellem grøn,5702858832516,139.00,18,,EAN
Permin,Bella,252 Flaskegrønn,5702858832523,139.00,0,,EAN
Permin,Bella,253 Mint,5702858832530,139.00,13,,EAN
Permin,Bella,254 Lyselilla,5702858832547,139.00,13,,EAN
Permin,Bella,255 Lysegul,5702858832554,139.00,26,,EAN
Permin,Bella,256 Lyseblå,5702858832561,139.00,24,,EAN
Permin,Bella,257 Kamel,5702858832578,139.00,19,,EAN
Permin,Bella,258 Lyserød,5702858832585,139.00,19,,EAN
Permin,Bella,259 Jeans blå,5702858832592,139.00,22,,EAN
Permin,Bella,260 Turkis,5702858832608,139.00,18,,EAN
Permin,Bella,261 Lime,5702858832615,139.00,19,,EAN
Permin,Bella,262 Mørk Koral,5702858832622,139.00,18,,EAN
Permin,Bella,263 Lysegrå,5702858832639,139.00,19,,EAN
Permin,Bella,264 Sart rosa,5702858832646,139.00,30,,EAN
Permin,Bella,266 Lys orange,5702858832660,139.00,29,,EAN
Permin,Bella,267 Lys camel,5702858832677,139.00,36,,EAN
Permin,Bella,268 Blomme,5702858832684,139.00,24,,EAN
Permin,Bella,269 Støvet grøn,5702858832691,139.00,14,,EAN
Permin,Bella,270 Chambrayblå,5702858832707,139.00,12,,EAN
Permin,Bella,271 Beige,5702858832714,139.00,16,,EAN
Permin,Bella,272 Salvie,5702858832721,139.00,26,,EAN
Permin,Bella,273 Sart violet,5702858832738,139.00,8,,EAN
Permin,Bella,274 Mist,5702858832745,139.00,22,,EAN
Permin,Bella,275 Lys pink,5702858832752,139.00,15,,EAN
Permin,Bella,276 Sportgrøn,5702858832769,139.00,19,,EAN
Permin,Bella,277 Rød,5702858832776,139.00,15,,EAN
Permin,Bella,278 Royal blå,5702858832783,139.00,21,,EAN
Permin,Bella,279 Brun,5702858832790,139.00,24,,EAN
Permin,Bella,280 Cappuccino,5702858832806,139.00,15,,EAN
Permin,Bella,281 Violet,5702858832813,139.00,25,,EAN
Permin,Bella,282 Lysegrøn,5702858832820,139.00,25,,EAN
Permin,Bella,283 Klar turkis,5702858832837,139.00,10,,EAN
Permin,Bella,284 Koral,5702858832844,139.00,24,,EAN
Permin,Bella,285 Terracotta,5702858832851,139.00,18,,EAN
Permin,Bella,286 Aubergine,5702858832868,139.00,1,,EAN
Permin,Bella,287 Mosgrøn,5702858832875,139.00,10,,EAN
Permin,Bella,288 Nutshell,5702858832882,139.00,18,,EAN
Permin,Bella,289 Navyblue,5702858832899,139.00,15,,EAN
Permin,Bella,290 Mulberry,5702858832905,139.00,14,,EAN
Permin,Bella,291 Acid lime,5702858832912,139.00,4,,EAN
Permin,Bella,292 Neon pink,5702858832929,139.00,10,,EAN
Permin,Bella,293 Electric Blue,5702858832936,139.00,0,,EAN
Permin,Bella,294 Cinnober,5702858832943,139.00,8,,EAN
Permin,Bella,295 Atlantis,5702858832950,139.00,7,,EAN
Permin,Bella,296 Vinrød,5702858832967,139.00,19,,EAN
Permin,Bella,297 Flamingo,5702858832974,139.00,16,,EAN
Permin,Bella,298 Solsikkegul,5702858832981,139.00,25,,EAN
Permin,Bella,299 Himmelblå,5702858832998,139.00,21,,EAN
Permin,Bella Color,147 Påskesol,,149.00,alias,,alias
Permin,Bella Color,150 Råhvid,5702858831502,149.00,33,,EAN
Permin,Bella Color,151 Grønn,5702858831519,149.00,0,,EAN
Permin,Bella Color,152 Oransje,5702858831526,149.00,0,,EAN
Permin,Bella Color,153 Gul/rosa/turkis,5702858831533,149.00,0,,EAN
Permin,Bella Color,154 Lilla/grønn/blå,5702858831540,149.00,5,,EAN
Permin,Bella Color,156 Blå,5702858831564,149.00,14,,EAN
Permin,Bella Color,157 Brun,5702858831571,149.00,10,,EAN
Permin,Bella Color,159 Rød/bordeaux,5702858831595,149.00,13,,EAN
Permin,Bella Color,160 Rosa/retro,5702858831601,149.00,0,,EAN
Permin,Bella Color,163 Beige/rust,,149.00,alias,,alias
Permin,Bella Color,164 Grøn/gylden,5702858831649,149.00,15,,EAN
Permin,Bella Color,165 Lilla/syrin,5702858831656,149.00,0,,EAN
Permin,Bella Color,166 Rose/Oliven,,149.00,alias,,alias
Permin,Bella Color,167 Grøn/Lilla/Turkis,5702858831670,149.00,12,,EAN
Permin,Bella Color,168 Patina,5702858831687,149.00,0,,EAN
Permin,Bella Color,169 Gul/Pink/Lilla/Grøn,5702858831694,149.00,10,,EAN
Permin,Bella Color,170 Lilla/mint/oliven,5702858831700,149.00,0,,EAN
Permin,Bella Color,171 Grå/rust/bordeaux,5702858831717,149.00,-1,,EAN
Permin,Bella Color,172 Orange/Pink/Syren,5702858831724,149.00,10,,EAN
Permin,Bella Color,173 Beige/Karry/Brun,5702858831731,149.00,3,,EAN
Permin,Bella Color,174 Blå/Beige/Brun,5702858831748,149.00,14,,EAN
Permin,Bella Color,175 Salvie/Pink/Grå,5702858831755,149.00,2,,EAN
Permin,Bella Color,176 Lyselilla/Lilla/Ro,5702858831762,149.00,4,,EAN
Permin,Bella Color,177 Lyserød/Pink/Grøn,5702858831779,149.00,13,,EAN
Permin,Bella Color,178 Turkis/Pink/Lilla,5702858831786,149.00,0,,EAN
Permin,Bella Color,179 Orangerød/Lilla,5702858831793,149.00,0,,EAN
Permin,Bella Color,180 Rust/brun,5702858831809,149.00,11,,EAN
Permin,Bella Color,181 Bordeaux/blålilla,5702858831816,149.00,10,,EAN
Permin,Bella Color,182 Army/Jeans,5702858831823,149.00,10,,EAN
Permin,Bella Color,184 Sart rosa,5702858831847,149.00,10,,EAN
Permin,Bella Color,186 Lime,5702858831861,149.00,6,,EAN
Permin,Bella Color,187 Mint,5702858831878,149.00,7,,EAN
Permin,Bella Color,188 Neon pink,,149.00,alias,,alias
Permin,Bella Color,189 Neon grøn,,149.00,alias,,alias
Permin,Bella Color,192 Himmel og hav,5702858831922,149.00,10,,EAN
Rauma Garn,2-tråds Gammelserie,400 Hvit,7045840008819,65.00,8,3,EAN
Rauma Garn,2-tråds Gammelserie,401 Natur,7045840008833,65.00,7,26,EAN
Rauma Garn,2-tråds Gammelserie,403 Lys grå melert,7045840124991,65.00,9,0,EAN
Rauma Garn,2-tråds Gammelserie,405 Mørk grå melert,7045840008888,65.00,15,8,EAN
Rauma Garn,2-tråds Gammelserie,4087 Pudderrosa,7045840124694,65.00,5,5,EAN
Rauma Garn,2-tråds Gammelserie,410 Sauesvart,7045840008918,65.00,10,2,EAN
Rauma Garn,2-tråds Gammelserie,422 Brun,7045840124779,65.00,15,9,EAN
Rauma Garn,2-tråds Gammelserie,424 Rød,7045840008925,65.00,4,8,EAN
Rauma Garn,2-tråds Gammelserie,436 Svart,7045840008949,65.00,4,1,EAN
Rauma Garn,2-tråds Gammelserie,438 Bondeblå,7045840008963,65.00,9,4,EAN
Rauma Garn,2-tråds Gammelserie,447 Blå,7045840008970,65.00,3,5,EAN
Rauma Garn,2-tråds Gammelserie,459 Marineblå,7045840008994,65.00,4,26,EAN
Rauma Garn,2-tråds Gammelserie,476 Mosegrønn,7045840124793,65.00,3,6,EAN
Rauma Garn,2-tråds Gammelserie,4805 Sennepsgul,7045840124717,65.00,5,6,EAN
Rauma Garn,2-tråds Gammelserie,4901 Burgunder,7045840124854,65.00,11,6,EAN
Rauma Garn,2-tråds Gammelserie,4902 Petrol,7045840124915,65.00,4,2,EAN
Rauma Garn,2-tråds Gammelserie,4903 Blågrå,7045840124830,65.00,15,3,EAN
Rauma Garn,2-tråds Gammelserie,4904 Kobberrød,7045840124892,65.00,14,5,EAN
Rauma Garn,2-tråds Gammelserie,4905 Okergul,7045840124878,65.00,9,7,EAN
Rauma Garn,2-tråds Gammelserie,4906 Lys blå,7045840124816,65.00,13,8,EAN
Rauma Garn,2-tråds Gammelserie,406 Beige Melert,,65.00,alias,alias,alias
Rauma Garn,2-tråds Gammelserie,411 Brun Melert,,65.00,alias,alias,alias
Rauma Garn,2-tråds Gammelserie,434 Terrakotta,,65.00,alias,alias,alias
Rauma Garn,2-tråds Gammelserie,487 Grålilla,7045840124755,65.00,11,,EAN
Rauma Garn,3-tråds Strikkegarn,100 Hvit,7045840001728,65.00,15,20,EAN
Rauma Garn,3-tråds Strikkegarn,101 Natur,7045840001735,65.00,12,21,EAN
Rauma Garn,3-tråds Strikkegarn,103 Lys Grå Melert,7045840001742,65.00,16,4,EAN
Rauma Garn,3-tråds Strikkegarn,104 Grå Melert,7045840001759,65.00,23,23,EAN
Rauma Garn,3-tråds Strikkegarn,105 Mørk Grå Melert,7045840001766,65.00,14,22,EAN
Rauma Garn,3-tråds Strikkegarn,106 Beige Melert,7045840001773,65.00,26,15,EAN
Rauma Garn,3-tråds Strikkegarn,125 Gul,7045840001902,65.00,19,10,EAN
Rauma Garn,3-tråds Strikkegarn,128 Vinrød,7045840001926,65.00,20,19,EAN
Rauma Garn,3-tråds Strikkegarn,131 Mørk Gul,7045840001957,65.00,9,8,EAN
Rauma Garn,3-tråds Strikkegarn,136 Sort,7045840001988,65.00,27,0,EAN
Rauma Garn,3-tråds Strikkegarn,146 Oker,7045840002077,65.00,10,11,EAN
Rauma Garn,3-tråds Strikkegarn,147 Mørk Bondeblå,7045840002084,65.00,12,3,EAN
Rauma Garn,3-tråds Strikkegarn,149 Mørk Blå,7045840002107,65.00,26,56,EAN
Rauma Garn,3-tråds Strikkegarn,184 Petrol,7045840002336,65.00,14,13,EAN
Rauma Garn,3-tråds Strikkegarn,198 Eplegrønn,7045840002374,65.00,19,10,EAN
Rauma Garn,3-tråds Strikkegarn,460 Lys beige,7045840002411,65.00,20,24,EAN
Rauma Garn,3-tråds Strikkegarn,571 Gammelrosa,7045840002428,65.00,14,10,EAN
Rauma Garn,3-tråds Strikkegarn,761 Mosegrønn,7045840002435,65.00,22,8,EAN
Rauma Garn,3-tråds Strikkegarn,114 Koksgrå Melert,7045840001841,65.00,32,,EAN
Rauma Garn,3-tråds Strikkegarn,127 Kobberrød,7045840001919,65.00,12,,EAN
Rauma Garn,3-tråds Strikkegarn,130 Mørk Grønn,7045840001940,65.00,12,,EAN
Rauma Garn,3-tråds Strikkegarn,144 Mørk Rød,7045840002053,65.00,19,,EAN
Rauma Garn,3-tråds Strikkegarn,1487 Beige,7045840002091,65.00,16,,EAN
Rauma Garn,3-tråds Strikkegarn,1561 Mørk Mosegrønn,7045840002145,65.00,13,,EAN
Rauma Garn,3-tråds Strikkegarn,155 Himmelblå,7045840002138,65.00,10,,EAN
Rauma Garn,3-tråds Strikkegarn,164 Rødbrun Melert,7045840002190,65.00,13,,EAN
Rauma Garn,3-tråds Strikkegarn,171 Rosa,7045840002237,65.00,18,,EAN
Rauma Garn,3-tråds Strikkegarn,173 Cerise,7045840002244,65.00,18,,EAN
Rauma Garn,3-tråds Strikkegarn,175 Sjøgrønn,7045840002268,65.00,13,,EAN
Rauma Garn,3-tråds Strikkegarn,177 Mørk Oransje,7045840002275,65.00,8,,EAN
Rauma Garn,3-tråds Strikkegarn,180 Burgunder,7045840002299,65.00,18,,EAN
Rauma Garn,Babygarn,B10 Hvit,7045840009069,75.00,,0,EAN
Rauma Garn,Babygarn,102 Rose,7045840147044,75.00,,2,EAN
Rauma Garn,Babygarn,104 Plomme,7045840147082,75.00,,10,EAN
Rauma Garn,Babygarn,106 Kanel,7045840147129,75.00,,0,EAN
Rauma Garn,Babygarn,107 Matt grå,7045840147143,75.00,,5,EAN
Rauma Garn,Babygarn,108 Midnatt,7045840147167,75.00,,4,EAN
Rauma Garn,Babygarn,109 Fiolblå,7045840147181,75.00,,-3,EAN
Rauma Garn,Babygarn,B11 Natur,7045840009076,75.00,,0,EAN
Rauma Garn,Babygarn,B110 Sauesvart,7045840009083,75.00,,9,EAN
Rauma Garn,Babygarn,112 Karamell,7045840147228,75.00,,0,EAN
Rauma Garn,Babygarn,113 Lys kamel,7045840147242,75.00,,10,EAN
Rauma Garn,Babygarn,B12 Mørk grå melert,7045840009106,75.00,,1,EAN
Rauma Garn,Babygarn,B13 Grå melert,7045840009113,75.00,,-1,EAN
Rauma Garn,Babygarn,B14 Koks melert,7045840009137,75.00,,4,EAN
Rauma Garn,Babygarn,B150 Sennepsgul,7045840009144,75.00,,18,EAN
Rauma Garn,Babygarn,B28 Burgunder,7045840009236,75.00,,10,EAN
Rauma Garn,Babygarn,B35,7045840009250,75.00,,1,EAN
Rauma Garn,Babygarn,B36 Sort,7045840009274,75.00,,4,EAN
Rauma Garn,Babygarn,B47 Lys lyng,7045840009342,75.00,,4,EAN
Rauma Garn,Babygarn,B48 Lys gråblå,7045840009359,75.00,,0,EAN
Rauma Garn,Babygarn,B50 Mørk gul,7045840009373,75.00,,2,EAN
Rauma Garn,Babygarn,B52 Kremgul,7045840118150,75.00,,6,EAN
Rauma Garn,Babygarn,B53 Lys gul,7045840118174,75.00,,0,EAN
Rauma Garn,Babygarn,B55 Oker,7045840118211,75.00,,8,EAN
Rauma Garn,Babygarn,B57 Blå,7045840118235,75.00,,1,EAN
Rauma Garn,Babygarn,B58 Lys mintgrønn,7045840120955,75.00,,4,EAN
Rauma Garn,Babygarn,B59 Mørk blå,7045840009403,75.00,,9,EAN
Rauma Garn,Babygarn,B62 Pudderrosa,7045840120993,75.00,,15,EAN
Rauma Garn,Babygarn,B69 Lyng,7045840121075,75.00,,4,EAN
Rauma Garn,Babygarn,B71 Rosa,7045840121099,75.00,,5,EAN
Rauma Garn,Babygarn,B73 Lys blå,7045840122737,75.00,,0,EAN
Rauma Garn,Babygarn,B74 Lys grå,7045840122713,75.00,,4,EAN
Rauma Garn,Babygarn,097 Pistasje,7045840146948,75.00,,6,EAN
Rauma Garn,Babygarn,098 Lys gammelrosa,7045840146962,75.00,,9,EAN
Rauma Garn,Babygarn,099 Gammelrosa,7045840146986,75.00,,2,EAN
Rauma Garn,Lun Merino,03 Muskat,9788299984454,89.00,,34,EAN
Rauma Garn,Lun Merino,06 Mørk sjokolade,9788299984478,89.00,,24,EAN
Rauma Garn,Lun Merino,07 Natur,9788299984492,89.00,,24,EAN
Rauma Garn,Lun Merino,08 Mandelmelk,9788299984515,89.00,,23,EAN
Rauma Garn,Lun Merino,12 Trøffel,9788299984539,89.00,,24,EAN
Rauma Garn,Lun Merino,18 Kanelbrun,9788299984553,89.00,,25,EAN
Rauma Garn,Lun Merino,31 Babyrosa,9788299984577,89.00,,6,EAN
Rauma Garn,Lun Merino,42 Mørk burgunder,9788299984591,89.00,,12,EAN
Rauma Garn,Lun Merino,48 Marine,9788299984614,89.00,,15,EAN
Rauma Garn,Lun Merino,49 Hvit,9788299984638,89.00,,9,EAN
Rauma Garn,Lun Merino,73 Babyblå,9788299984652,89.00,,6,EAN
Rauma Garn,Lun Merino,78 Svart,9788299984676,89.00,,14,EAN
Rauma Garn,Lun Merino,80 Grå,9788299984690,89.00,,18,EAN
Rauma Garn,Lun Merino,82 Mellomgrå,9788299984713,89.00,,20,EAN
Rauma Garn,Lun Merino,84 Koksgrå,9788299984737,89.00,,2,EAN
Rauma Garn,Lun Merino,85 Pistasjekrem,9788299984751,89.00,,9,EAN
Rauma Garn,Lun Merino,8781 Kremgul,9788299998796,89.00,,20,EAN
Rauma Garn,Lun Merino,8790 Grønn oker,9788299998895,89.00,,20,EAN
Rauma Garn,Lun Merino,8791 Skogsgrønn,9788299998918,89.00,,20,EAN
Rauma Garn,Lun Merino,8793 Dyp grønn,9788299998932,89.00,,20,EAN
Rauma Garn,Lun Merino,8796 Dyp blå,9788299998819,89.00,,15,EAN
Rauma Garn,Lun Merino,8797 Mørk bondeblå,9788299998833,89.00,,11,EAN
Rauma Garn,Lun Merino,8798 Rød,9788299998857,89.00,,17,EAN
Rauma Garn,Lun Merino,8800 Støvet plomme,9788299998871,89.00,,20,EAN
Rauma Garn,Metallic,312 Metallic lilla,4003760403018,105.00,,10,EAN
Rauma Garn,Metallic,313 Metallic rosa,4003760403025,105.00,,12,EAN
Rauma Garn,Metallic,315 Metallic rød,4003760403032,105.00,,14,EAN
Rauma Garn,Metallic,324 Metallic rosegull,4003760403049,105.00,,12,EAN
Rauma Garn,Metallic,325 Metallic gull,4003760403056,105.00,,11,EAN
Rauma Garn,Metallic,327 Metallic kobber,4003760403070,105.00,,9,EAN
Rauma Garn,Metallic,333 Metallic blå,4003760403094,105.00,,10,EAN
Rauma Garn,Metallic,342 Metallic sølv,4003760403117,105.00,3,9,EAN
Rauma Garn,Metallic,360 Metallic svart,4003760403148,105.00,,12,EAN
Rauma Garn,Metallic,365 Metallic grønn,4003760403155,105.00,,8,EAN
Rauma Garn,Metallic,370 Metallic multi,4003760403162,105.00,,9,EAN
Rauma Garn,PT5,502 Krem,7045840016531,65.00,19,0,EAN
Rauma Garn,PT5,503 Naturhvit,7045840016548,65.00,18,33,EAN
Rauma Garn,PT5,504 Lys grå,7045840016562,65.00,11,6,EAN
Rauma Garn,PT5,507 Grå,7045840016579,65.00,22,19,EAN
Rauma Garn,PT5,510 Koksgrå,7045840016586,65.00,27,22,EAN
Rauma Garn,PT5,512 Svart,7045840016609,65.00,17,7,EAN
Rauma Garn,PT5,518 Gul,7045840141387,65.00,11,4,EAN
Rauma Garn,PT5,520 Lys rosa,7045840016630,65.00,8,24,EAN
Rauma Garn,PT5,524 Dus lilla,7045840138660,65.00,15,19,EAN
Rauma Garn,PT5,526 Beige,7045840016661,65.00,12,9,EAN
Rauma Garn,PT5,528 Beige melert,7045840016678,65.00,16,3,EAN
Rauma Garn,PT5,531 Brun,7045840016685,65.00,29,13,EAN
Rauma Garn,PT5,532 Rødbrun,7045840016692,65.00,10,15,EAN
Rauma Garn,PT5,534 Kanelbrun,7045840141264,65.00,8,6,EAN
Rauma Garn,PT5,541 Rød,7045840016739,65.00,17,0,EAN
Rauma Garn,PT5,545 Rustrød,7045840141288,65.00,24,22,EAN
Rauma Garn,PT5,547 Mørk rød,7045840016777,65.00,14,11,EAN
Rauma Garn,PT5,567 Mørk blå,7045840016845,65.00,,1,EAN
Rauma Garn,PT5,568 Mørk jeansblå,7045840016852,65.00,3,28,EAN
Rauma Garn,PT5,575 Marineblå,7045840016890,65.00,10,8,EAN
Rauma Garn,PT5,586 Grønn,7045840141363,65.00,22,0,EAN
Rauma Garn,PT5,591 Mosegrønn,7045840016975,65.00,7,10,EAN
Rauma Garn,PT5,592 Olivengrønn,7045840016982,65.00,19,2,EAN
Rauma Garn,PT5,501 Hvit,7045840016524,65.00,,14,EAN
Rauma Garn,PT5,516 Oker,7045840016623,65.00,,11,EAN
Rauma Garn,PT5,517 Gul,7045840138622,65.00,,7,EAN
Rauma Garn,PT5,521 Lys blå,7045840016647,65.00,,26,EAN
Rauma Garn,PT5,525 Lilla,7045840141424,65.00,,21,EAN
Rauma Garn,PT5,536 Mørk oransje,7045840016708,65.00,,2,EAN
Rauma Garn,PT5,543 Vinrød,7045840016753,65.00,,9,EAN
Rauma Garn,PT5,544 Korall,7045840016760,65.00,,9,EAN
Rauma Garn,PT5,548 Mørk rosa,7045840016784,65.00,,9,EAN
Rauma Garn,PT5,549 Aubergin,7045840016791,65.00,,17,EAN
Rauma Garn,PT5,566 Jeansblå,7045840016838,65.00,,0,EAN
Rauma Garn,PT5,572 Blå,7045840016883,65.00,,13,EAN
Rauma Garn,PT5,580 Sjøgrønn,7045840016913,65.00,,6,EAN
Rauma Garn,PT5,581 Petrol,7045840016920,65.00,,9,EAN
Rauma Garn,PT5,590 Eplegrønn,7045840016968,65.00,,10,EAN
Rauma Garn,Tjukk Bomull,314 Rød,9317385316888,59.00,-29,10,EAN
Rauma Garn,Tjukk Bomull,219 Natur,9317385316802,59.00,46,,EAN
Rauma Garn,Tjukk Bomull,220 Beige,9317385316826,59.00,1,,EAN
Rauma Garn,Tjukk Bomull,231 Lys rosa,9317385316840,59.00,1,,EAN
Rauma Garn,Tjukk Bomull,277 Marine,9317385316864,59.00,52,,EAN
Rauma Garn,Tjukk Bomull,324 Strågul,9317385316901,59.00,9,,EAN
Rauma Garn,Tjukk Bomull,349 Varm Sjokolade,9317385316925,59.00,0,,EAN
Rauma Garn,Tjukk Bomull,350 Aubergine,9317385316949,59.00,14,,EAN
Rauma Garn,Tjukk Bomull,351 Himmelblå,9317385316963,59.00,1,,EAN
Rauma Garn,Tjukk Bomull,352 Mørk Eplegrønn,9317385316987,59.00,10,,EAN
Rauma Garn,Tumi,0190 Bondeblå,7045840077037,85.00,,13,EAN
Rauma Garn,Tumi,2187 Lys Petrol,7045840076962,85.00,,5,EAN
Rauma Garn,Tumi,3068 Rødbrun,7045840142674,85.00,,12,EAN
Rauma Garn,Tumi,B118 Brun,7045840076924,85.00,,30,EAN
Rauma Garn,Tumi,0025 Lys beige,7045840143671,85.00,,20,EAN
Rauma Garn,Tumi,7255 Sennep,7045840142759,85.00,,2,EAN
Rauma Garn,Tumi,0052 Mørk gul,7045840142773,85.00,,18,EAN
Rauma Garn,Tumi,0055 Himmelblå,7045840143510,85.00,,22,EAN
Rauma Garn,Tumi,2230 Rustrød,7045840077136,85.00,,7,EAN
Rauma Garn,Tumi,0488 Burgunder,7045840077099,85.00,,13,EAN
Rauma Garn,Tumi,0488 Mørk burgunder,9788299985505,85.00,,9,EAN
Rauma Garn,Tumi,1108 Gammelhvit,9788299985628,85.00,,14,EAN
Rauma Garn,Tumi,2133 Mørk petrol,7045840143794,85.00,,29,EAN
Rauma Garn,Tumi,3532 Lys Rosa,,85.00,alias,,alias
Rauma Garn,Tumi,3709 Jeansblå,7045840142711,85.00,,25,EAN
Rauma Garn,Tumi,3935 Mosegrønn,7045840077150,85.00,,6,EAN
Rauma Garn,Tumi,4921 Mørk blå,7045840142698,85.00,,26,EAN
Rauma Garn,Tumi,4941 Lys blå,7045840142735,85.00,,22,EAN
Rauma Garn,Tumi,5340 Grønn,7045840118570,85.00,,0,EAN
Rauma Garn,Tumi,6396 Mørk petrol,7045840077174,85.00,,35,EAN
Rauma Garn,Tumi,6416 Marineblå,7045840076887,85.00,,16,EAN
Rauma Garn,Tumi,8448 Mørk cerise,7045840077082,85.00,,4,EAN
Rauma Garn,Tumi,B137 Korallrød,,85.00,,,INGEN
Rauma Garn,Tumi,1900 Mørk grønn,7045840076979,85.00,,0,EAN
Rauma Garn,Tumi,I017 Rød,7045840077112,85.00,,16,EAN
Rauma Garn,Tumi,I244 Petrol,7045840077044,85.00,,2,EAN
Rauma Garn,Tumi,SFN10 Natur,7045840076870,85.00,,27,EAN
Rauma Garn,Tumi,SFN14 Lys beige,9788299985444,85.00,,9,EAN
Rauma Garn,Tumi,SFN35 Mørk brun,9788299985482,85.00,,20,EAN
Rauma Garn,Tumi,SFN38 Lys grå melert,7045840076900,85.00,,14,EAN
Rauma Garn,Tumi,SFN41 Grå melert,7045840076818,85.00,,14,EAN
Rauma Garn,Tumi,SFN43 Mørk grå melert,7045840076825,85.00,,10,EAN
Rauma Garn,Tumi,SFN50 Svart,7045840076863,85.00,,16,EAN
Rauma Garn,Tumi,SFN61 Beige melert,7045840076856,85.00,,7,EAN
Rauma Garn,Tumi,SFN70 Lys brun,9788299985468,85.00,,17,EAN
Rauma Garn,Tumi,SFN75 Koks grå,7045840076849,85.00,,13,EAN
Rauma Garn,Vandre,01 Natur,7045840142438,55.00,17,0,EAN
Rauma Garn,Vandre,06 Brunt sukker,7045840145859,55.00,6,29,EAN
Rauma Garn,Vandre,07 Linblå,7045840145873,55.00,6,-2,EAN
Rauma Garn,Vandre,08 Skumring,7045840145897,55.00,26,1,EAN
Rauma Garn,Vandre,09 Cashmir,7045840145910,55.00,12,0,EAN
Rauma Garn,Vandre,10 Nyperød,7045840145934,55.00,9,0,EAN
Rauma Garn,Vandre,11 Mosegrønn,7045840145958,55.00,11,6,EAN
Rauma Garn,Vandre,14 Skogsbær,7045840145996,55.00,7,3,EAN
Rauma Garn,Vandre,15 Gråbeige,7045840146016,55.00,12,0,EAN
Rauma Garn,Vandre,16 Mørk mosegrønn,7045840146030,55.00,11,0,EAN
Rauma Garn,Vandre,17 Blå,7045840146054,55.00,9,18,EAN
Rauma Garn,Vandre,18 Høyrød,7045840156626,55.00,7,6,EAN
Rauma Garn,Vandre,21 Brun,7045840156688,55.00,6,13,EAN
Rauma Garn,Vandre,22 Grønn,7045840156701,55.00,9,11,EAN
Rauma Garn,Vandre,36 Svart,7045840142513,55.00,6,2,EAN
Rauma Garn,Vandre,12 Soleie,7045840145972,55.00,14,,EAN
Rauma Garn,Vandre,19 Lys grå,7045840156640,55.00,10,,EAN
Rauma Garn,Vandre,23 Oransje,7045840156725,55.00,3,,EAN
Rauma Garn,Vandre,24 Marineblå,7045840142490,55.00,7,,EAN
Rowan,Alpaca Classic,103 Noir,4053859254175,99.00,,19,EAN
Rowan,Alpaca Classic,107 Peacock,4053859254212,99.00,,20,EAN
Rowan,Alpaca Classic,108 Verdigris,4053859254229,99.00,,11,EAN
Rowan,Alpaca Classic,109 Deep Teal,4053859254236,99.00,,17,EAN
Rowan,Alpaca Classic,110 Foliage Green,4053859254243,99.00,,18,EAN
Rowan,Alpaca Classic,111 Green Moss,4053859254250,99.00,,16,EAN
Rowan,Alpaca Classic,113 Sun Valley,4053859254274,99.00,,17,EAN
Rowan,Alpaca Classic,115 Snowflake White,4053859254298,99.00,,20,EAN
Rowan,Alpaca Classic,117 Sierra Melange,4053859254311,99.00,,15,EAN
Rowan,Alpaca Classic,119 Copper Clay,4053859254335,99.00,,8,EAN
Rowan,Alpaca Classic,121 Dahlia,4053859254359,99.00,,10,EAN
Rowan,Alpaca Classic,123 Purple Rain,4053859254373,99.00,,20,EAN
Rowan,Alpaca Classic,127 Champagne,4053859294874,99.00,,11,EAN
Rowan,Alpaca Classic,128 Salmon,4053859294881,99.00,,20,EAN
Rowan,Alpaca Classic,130 Dusk,4053859294904,99.00,,20,EAN
Rowan,Alpaca Classic,131 Ice Blue,4053859326100,99.00,,20,EAN
Rowan,Alpaca Classic,132 Elephant Grey Melange,5010484114556,99.00,,19,EAN
Rowan,Alpaca Classic,133 Forest,5010484114563,99.00,,10,EAN
Rowan,Alpaca Classic,134 Silver,5010484114570,99.00,,10,EAN
Rowan,Alpaca Classic,135 Toffee,5010484114587,99.00,,10,EAN
Rowan,Felted Tweed,145 Treacle,5013712905551,150.00,,15,EAN
Rowan,Felted Tweed,150 Rage,5013712905681,150.00,,9,EAN
Rowan,Felted Tweed,151 Bilberry,5013712905698,150.00,,19,EAN
Rowan,Felted Tweed,152 Watery,5013712905704,150.00,,12,EAN
Rowan,Felted Tweed,154 Ginger,5013712967511,150.00,,6,EAN
Rowan,Felted Tweed,159 Carbon,5013712976988,150.00,,12,EAN
Rowan,Felted Tweed,161 Avocado,5013712967542,150.00,,15,EAN
Rowan,Felted Tweed,165 Scree,5013712486036,150.00,,20,EAN
Rowan,Felted Tweed,170 Seafarer,5013712499791,150.00,,1,EAN
Rowan,Felted Tweed,172 Ancient,5013712499814,150.00,,19,EAN
Rowan,Felted Tweed,173 Duck Egg,5013712502088,150.00,,10,EAN
Rowan,Felted Tweed,175 Cinnamon,5013712502095,150.00,,43,EAN
Rowan,Felted Tweed,177 Clay,5013712514227,150.00,,5,EAN
Rowan,Felted Tweed,178 Seasalter,5013712514234,150.00,,13,EAN
Rowan,Felted Tweed,183 Peony,4082700895403,150.00,,15,EAN
Rowan,Felted Tweed,186 Tawny,4082700990627,150.00,,18,EAN
Rowan,Felted Tweed,190 Stone,4053859002141,150.00,,16,EAN
Rowan,Felted Tweed,191 Granite,4053859115698,150.00,,15,EAN
Rowan,Felted Tweed,192 Amethyst,4053859115704,150.00,,19,EAN
Rowan,Felted Tweed,193 Cumin,4053859161527,150.00,,18,EAN
Rowan,Felted Tweed,197 Alabaster,4053859161565,150.00,,5,EAN
Rowan,Felted Tweed,198 Zinnia,4053859237628,150.00,,17,EAN
Rowan,Felted Tweed,199 Pink Bliss,4053859237635,150.00,,10,EAN
Rowan,Felted Tweed,204 Vaseline Green,4053859237680,150.00,,18,EAN
Rowan,Felted Tweed,206 Rose Quartz,4053859294911,150.00,,11,EAN
Rowan,Felted Tweed,207 Bottle Green,4053859294928,150.00,,28,EAN
Rowan,Felted Tweed,208 Iolite,4053859294935,150.00,,16,EAN
Rowan,Felted Tweed,209 Eden,4053859294942,150.00,,16,EAN
Rowan,Felted Tweed,210 Aluminium,4053859294959,150.00,,20,EAN
Rowan,Felted Tweed,211 Black,4053859318372,150.00,,8,EAN
Rowan,Felted Tweed,212 Peach,4053859318389,150.00,,9,EAN
Rowan,Felted Tweed,216 French Mustard,4053859318426,150.00,,10,EAN
Rowan,Felted Tweed,217 Astor,4053859318433,150.00,,9,EAN
Rowan,Felted Tweed,220 Sulfur,4053859318464,150.00,,15,EAN
Rowan,Felted Tweed,224 Shadow,5010484161079,150.00,,10,EAN
Rowan,Felted Tweed,225 Dusk,5010484161086,150.00,,11,EAN
Rowan,Felted Tweed,227 Sorbet,5010484161109,150.00,,19,EAN
Rowan,Felted Tweed,228 Khaki,5010484161116,150.00,,5,EAN
Rowan,Fine Lace,920 Cameo,5013712518508,155.00,,13,EAN
Rowan,Fine Lace,921 Antique,5013712518515,155.00,,12,EAN
Rowan,Fine Lace,923 Retro,5013712518539,155.00,,6,EAN
Rowan,Fine Lace,933 Aged,5013712535024,155.00,,9,EAN
Rowan,Fine Lace,934 Noir,5013712535031,155.00,,5,EAN
Rowan,Fine Lace,944 White,4082700896462,155.00,,0,EAN
Rowan,Fine Lace,950 Pigeon,4053859207805,155.00,,2,EAN
Rowan,Fine Lace,953 Ruby,4053859249843,155.00,,9,EAN
Rowan,Fine Lace,955 Mariana,4053859321075,155.00,,8,EAN
Rowan,Fine Lace,959 Pear,4053859321204,155.00,,8,EAN
Rowan,Kid Classic,828 Feather,5013712913587,147.00,,9,EAN
Rowan,Kid Classic,831 Smoke,5013712913617,147.00,,10,EAN
Rowan,Kid Classic,866 Bittersweet,5013712499876,147.00,,8,EAN
Rowan,Kid Classic,871 Canard,5013712501760,147.00,,19,EAN
Rowan,Kid Classic,876 Drought,5013712517525,147.00,,10,EAN
Rowan,Kid Classic,894 Mulberry,4053859252560,147.00,,20,EAN
Rowan,Kid Classic,898 Champagne,4053859295048,147.00,,10,EAN
Rowan,Kid Classic,899 Floss,4053859298810,147.00,,34,EAN
Rowan,Kid Classic,911 Raisin,5010484139443,147.00,,18,EAN
Rowan,Kid Classic,912 Bronze,5010484139450,147.00,,2,EAN
Rowan,Kid Classic,914 Chocolate,5010484139474,147.00,,28,EAN
Rowan,Kid Classic,919 Lawn,5010484139528,147.00,,10,EAN
Rowan,Kid Classic,920 Sapphire,5010484139535,147.00,,10,EAN
Rowan,Kid Classic,921 Arctic,5010484139542,147.00,,10,EAN
Rowan,Kidsilk Haze,580 Grace,5013712966125,185.00,,10,EAN
Rowan,Kidsilk Haze,582 Trance,5013712966088,185.00,,6,EAN
Rowan,Kidsilk Haze,583 Blushes,5013712966040,185.00,,3,EAN
Rowan,Kidsilk Haze,589 Majestic,5013712966033,185.00,,15,EAN
Rowan,Kidsilk Haze,590 Pearl,5013712913105,185.00,,6,EAN
Rowan,Kidsilk Haze,592 Heavenly,5013712913129,185.00,,5,EAN
Rowan,Kidsilk Haze,597 Jelly,5013712913174,185.00,,9,EAN
Rowan,Kidsilk Haze,600 Dewberry,5013712932557,185.00,,9,EAN
Rowan,Kidsilk Haze,611 Drab,4082700896257,185.00,,10,EAN
Rowan,Kidsilk Haze,632 Hurricane,5013712976643,185.00,,13,EAN
Rowan,Kidsilk Haze,634 Cream,5013712993558,185.00,,21,EAN
Rowan,Kidsilk Haze,639 Anthracite,5013712970238,185.00,,4,EAN
Rowan,Kidsilk Haze,641 Blackcurrant,5013712967610,185.00,,23,EAN
Rowan,Kidsilk Haze,642 Ghost,5013712500404,185.00,,13,EAN
Rowan,Kidsilk Haze,660 Turkish Plum,5013712534867,185.00,,9,EAN
Rowan,Kidsilk Haze,664 Steel,5013712534249,185.00,,-2,EAN
Rowan,Kidsilk Haze,666 Alhambra,5013712534218,185.00,,8,EAN
Rowan,Kidsilk Haze,671 Peacock,4053859119993,185.00,,4,EAN
Rowan,Kidsilk Haze,676 Aura,4053859207867,185.00,,8,EAN
Rowan,Kidsilk Haze,683 Golden Poppy,4053859250092,185.00,,18,EAN
Rowan,Kidsilk Haze,684 Eve Green,4053859250108,185.00,,7,EAN
Rowan,Kidsilk Haze,685 Laguna,4053859250115,185.00,,10,EAN
Rowan,Kidsilk Haze,692 Gem,4053859298803,185.00,,1,EAN
Rowan,Kidsilk Haze,693 Mint,5010484137111,185.00,,15,EAN
Rowan,Kidsilk Haze,694 Lilla,5010484137128,185.00,,18,EAN
Rowan,Kidsilk Haze,714 Fuchsia,5010484139122,185.00,,9,EAN
Rowan,Kidsilk Haze,715 Scarlett,5010484139139,185.00,,10,EAN
Rowan,Kidsilk Haze,718 Plum,5010484139160,185.00,,17,EAN
Rowan,Kidsilk Haze,727 Campsis,5010484139252,185.00,,6,EAN
Rowan,Pure Alpaca,112 Biscuit,5010484160553,141.00,,10,EAN
Rowan,Pure Alpaca,113 Mizzle,5010484160560,141.00,,20,EAN
Rowan,Pure Alpaca,114 Camel,5010484160577,141.00,,17,EAN
Rowan,Pure Alpaca,115 Powder,5010484160584,141.00,,17,EAN
Rowan,Pure Alpaca,116 Posy,5010484160591,141.00,,14,EAN
Rowan,Pure Alpaca,119 Peony,5010484160621,141.00,,17,EAN
Rowan,Pure Alpaca,120 Ruby,5010484160638,141.00,,11,EAN
Rowan,Pure Alpaca,121 Sunset,5010484160645,141.00,,15,EAN
Rowan,Pure Alpaca,122 Rust,5010484160652,141.00,,20,EAN
Rowan,Pure Alpaca,123 Olive,5010484160669,141.00,,19,EAN
Rowan,Pure Alpaca,124 Lichen,5010484160676,141.00,,17,EAN
Rowan,Pure Alpaca,125 Noir,5010484160683,141.00,,20,EAN
Rowan,Pure Alpaca,126 Khaki,5010484160690,141.00,,18,EAN
Rowan,Pure Alpaca,128 Ocean,5010484160713,141.00,,20,EAN
Rowan,Pure Alpaca,129 Tropic,5010484160720,141.00,,19,EAN
Rowan,Pure Alpaca,130 Thunder,5010484160737,141.00,,6,EAN
Rowan,Summerlite 4ply,418 Washed Linen,4053859079808,86.00,,15,EAN
Rowan,Summerlite 4ply,419 Duck Egg,4053859079815,86.00,,23,EAN
Rowan,Summerlite 4ply,420 Blushes,4053859079822,86.00,,22,EAN
Rowan,Summerlite 4ply,428 High Tide,4053859079907,86.00,,8,EAN
Rowan,Summerlite 4ply,429 Navy Ink,4053859079914,86.00,,37,EAN
Rowan,Summerlite 4ply,431 Pepper Pot,4053859079938,86.00,,13,EAN
Rowan,Summerlite 4ply,432 Aubergine,4053859079945,86.00,,19,EAN
Rowan,Summerlite 4ply,433 Aqua,4053859150620,86.00,,13,EAN
Rowan,Summerlite 4ply,436 Ecru,4053859150651,86.00,,7,EAN
Rowan,Summerlite 4ply,437 Seashell,4053859226158,86.00,,19,EAN
Rowan,Summerlite 4ply,442 Coral Blush,4053859226202,86.00,,11,EAN
Rowan,Summerlite 4ply,447 Cobalt,5010484101808,86.00,,8,EAN
Rowan,Summerlite 4ply,449 Pickle,5010484101822,86.00,,19,EAN
Rowan,Summerlite 4ply,450 Chilli,5010484101839,86.00,,0,EAN
Rowan,Summerlite 4ply,451 Mint,5010484137159,86.00,,30,EAN
Rowan,Summerlite 4ply,452 Pale,5010484159649,86.00,,22,EAN
Rowan,Summerlite 4ply,453 Black,5010484159656,86.00,,14,EAN
Rowan,Summerlite 4ply,454 Sea Green,5010484159663,86.00,,13,EAN
Rowan,Summerlite 4ply,455 Mustard,5010484159670,86.00,,12,EAN
Solberg Spinderi,Alva,1012 Hvit,7030057103013,49.00,34,,EAN
Solberg Spinderi,Alva,1022 Sand,7030057103037,49.00,25,,EAN
Solberg Spinderi,Alva,1173 Pudder,7030057103020,49.00,23,,EAN
Solberg Spinderi,Alva,3012 Mørk grå,7030057103112,49.00,29,,EAN
Solberg Spinderi,Alva,3281 Gul,7030057103143,49.00,20,,EAN
Solberg Spinderi,Alva,4153 Vinrød,7030057103150,49.00,15,,EAN
Solberg Spinderi,Alva,4238 Brun,7030057103044,49.00,32,,EAN
Solberg Spinderi,Alva,4267 Rødoransje,7030057103129,49.00,17,,EAN
Solberg Spinderi,Alva,4360 Rust,7030057103051,49.00,19,,EAN
Solberg Spinderi,Alva,5360 Kamel,7030057103099,49.00,30,,EAN
Solberg Spinderi,Alva,5462 Lilla,7030057103436,49.00,20,,EAN
Solberg Spinderi,Alva,6032 Himmelblå,7030057103068,49.00,22,,EAN
Solberg Spinderi,Alva,6035 Olivengrønn,7030057103105,49.00,18,,EAN
Solberg Spinderi,Alva,7025 Lys petrol,7030057103075,49.00,28,,EAN
Solberg Spinderi,Alva,9404 Mørk petrol,7030057103082,49.00,2,,EAN
Solberg Spinderi,Kløver,0100 Svart,7006257105157,59.00,6,,EAN
Solberg Spinderi,Kløver,1001 Krem,7006257105003,59.00,-2,,EAN
Solberg Spinderi,Kløver,1506 Sand,7006257105010,59.00,6,,EAN
Solberg Spinderi,Kløver,1656 Korall,7006257105058,59.00,9,,EAN
Solberg Spinderi,Kløver,2664 Oker,7006257105027,59.00,12,,EAN
Solberg Spinderi,Kløver,4036 Lys rosa,7006257105034,59.00,0,,EAN
Solberg Spinderi,Kløver,4068 Rød,7006257105065,59.00,0,,EAN
Solberg Spinderi,Kløver,4336 Mørk rosa,7006257105041,59.00,14,,EAN
Solberg Spinderi,Kløver,4757 Plomme,7006257105072,59.00,8,,EAN
Solberg Spinderi,Kløver,5608 Marineblå,7006257105140,59.00,0,,EAN
Solberg Spinderi,Kløver,6032 Lys blå,,59.00,alias,,alias
Solberg Spinderi,Kløver,6067 Kongeblå,7006257105133,59.00,3,,EAN
Solberg Spinderi,Kløver,7022 Turkis,7006257105102,59.00,11,,EAN
Solberg Spinderi,Kløver,7256 Petrol,7006257105119,59.00,11,,EAN
Solberg Spinderi,Kløver,8525 Grønn,7006257105089,59.00,10,,EAN
Solberg Spinderi,Kløver,9578 Mintgrønn,7006257105096,59.00,11,,EAN
Solberg Spinderi,Tykk Vilja,1001 Lys beige melert,7030057104027,79.00,18,,EAN
Solberg Spinderi,Tykk Vilja,1002 Hvit,7030057104010,79.00,21,,EAN
Solberg Spinderi,Tykk Vilja,1012 Lys grå melert,7030057104164,79.00,30,,EAN
Solberg Spinderi,Tykk Vilja,2664 Karri,,79.00,alias,,alias
Solberg Spinderi,Tykk Vilja,3484 Brun,7030057104041,79.00,12,,EAN
Solberg Spinderi,Tykk Vilja,4012,7030057104034,79.00,20,,EAN
Solberg Spinderi,Tykk Vilja,4360 Rust,7030057104157,79.00,-4,,EAN
Solberg Spinderi,Tykk Vilja,4380 Lyng,7030057104126,79.00,24,,EAN
Solberg Spinderi,Tykk Vilja,4432 Plomme,7030057104119,79.00,32,,EAN
Solberg Spinderi,Tykk Vilja,4740,7030057104133,79.00,21,,EAN
Solberg Spinderi,Tykk Vilja,5360 Kamel,7030057104058,79.00,17,,EAN
Solberg Spinderi,Tykk Vilja,6032 Himmelblå,7030057104102,79.00,16,,EAN
Solberg Spinderi,Tykk Vilja,6417,7030057104096,79.00,23,,EAN
Solberg Spinderi,Tykk Vilja,7035 Skogsgrønn,7030057104065,79.00,27,,EAN
Solberg Spinderi,Tykk Vilja,7040,7030057104072,79.00,16,,EAN
Solberg Spinderi,Tykk Vilja,7042,7030057104089,79.00,21,,EAN
Solberg Spinderi,Vesle,1001 Krem,7030057100029,59.00,12,,EAN
Solberg Spinderi,Vesle,1002 Hvit,7030057100012,59.00,9,,EAN
Solberg Spinderi,Vesle,1140 Kamel,7030057100067,59.00,17,,EAN
Solberg Spinderi,Vesle,1172 Rosa,7030057100036,59.00,17,,EAN
Solberg Spinderi,Vesle,1506 Beige,7030057100135,59.00,26,,EAN
Solberg Spinderi,Vesle,2664 Oker,7030057100050,59.00,19,,EAN
Solberg Spinderi,Vesle,3060 Gul,7030057100074,59.00,25,,EAN
Solberg Spinderi,Vesle,4069 Rød,7030057100142,59.00,0,,EAN
Solberg Spinderi,Vesle,4438 Lilla,7030057100128,59.00,15,,EAN
Solberg Spinderi,Vesle,5014 Terrakotta,7030057100043,59.00,15,,EAN
Solberg Spinderi,Vesle,6032 Lys blå,7030057100111,59.00,25,,EAN
Solberg Spinderi,Vesle,6068 Blå,7030057100104,59.00,17,,EAN
Solberg Spinderi,Vesle,6070 Marineblå,7030057100159,59.00,-1,,EAN
Solberg Spinderi,Vesle,9400 Lys petrol,7030057100081,59.00,23,,EAN
Solberg Spinderi,Vesle,9580 Grønn,7030057100098,59.00,15,,EAN
Solberg Spinderi,Vilja,1001 Lys beige melert,7030057102023,79.00,19,,EAN
Solberg Spinderi,Vilja,1002 Hvit,7030057102016,79.00,25,,EAN
Solberg Spinderi,Vilja,1012 Lys grå melert,7030057102047,79.00,17,,EAN
Solberg Spinderi,Vilja,2012 Grå melert,7030057102054,79.00,7,,EAN
Solberg Spinderi,Vilja,2664 Karri,7030057102115,79.00,6,,EAN
Solberg Spinderi,Vilja,3484 Brun,7030057102030,79.00,21,,EAN
Solberg Spinderi,Vilja,4066 Rød,7030057102092,79.00,10,,EAN
Solberg Spinderi,Vilja,4238 Lys rosa,7030057102061,79.00,8,,EAN
Solberg Spinderi,Vilja,4360 Rust,7030057102108,79.00,18,,EAN
Solberg Spinderi,Vilja,4380 Lyng,7030057102078,79.00,25,,EAN
Solberg Spinderi,Vilja,4432 Plomme,7030057102085,79.00,16,,EAN
Solberg Spinderi,Vilja,5360 Kamel,7030057102160,79.00,16,,EAN
Solberg Spinderi,Vilja,6032 Himmelblå,7030057102146,79.00,21,,EAN
Solberg Spinderi,Vilja,6035 Olivengrønn,7030057102177,79.00,15,,EAN
Solberg Spinderi,Vilja,6064 Mørk petrol,7030057102122,79.00,14,,EAN
Solberg Spinderi,Vilja,9404 Mørk blå,7030057102153,79.00,10,,EAN
Viking of Norway,Alpaca Bris,303 Svart,7071281253037,79.00,,3,EAN
Viking of Norway,Alpaca Bris,309 Lys Brun,7071281253099,79.00,,6,EAN
Viking of Norway,Alpaca Bris,313 Lys Grå,7071281253136,79.00,,0,EAN
Viking of Norway,Alpaca Bris,315 Grå,7071281253150,79.00,,17,EAN
Viking of Norway,Alpaca Bris,317 Koks,7071281253174,79.00,,6,EAN
Viking of Norway,Alpaca Bris,327 Jeansblå,7071281253273,79.00,,3,EAN
Viking of Norway,Alpaca Bris,333 Limegrønn,7071281253334,79.00,,7,EAN
Viking of Norway,Alpaca Bris,335 Grønn,7071281253358,79.00,,7,EAN
Viking of Norway,Alpaca Bris,339 Støvet Olivengrønn,7071281253396,79.00,,14,EAN
Viking of Norway,Alpaca Bris,340 Lys Gul,7071281253402,79.00,,11,EAN
Viking of Norway,Alpaca Bris,341 Gul,7071281253419,79.00,,4,EAN
Viking of Norway,Alpaca Bris,354 Burgunder,7071281253549,79.00,,15,EAN
Viking of Norway,Alpaca Bris,357 Kobber,7071281253570,79.00,,7,EAN
Viking of Norway,Alpaca Bris,361 Rosa,7071281253617,79.00,,3,EAN
Viking of Norway,Alpaca Bris,363 Pudderrosa,7071281253631,79.00,,5,EAN
Viking of Norway,Alpaca Bris,364 Lys Rosa,7071281253648,79.00,,9,EAN
Viking of Norway,Alpaca Bris,365 Gammelrosa,7071281253655,79.00,,2,EAN
Viking of Norway,Alpaca Bris,371,7071281253716,79.00,,6,EAN
Viking of Norway,Alpaca Bris,374 Lys Gammelrosa,7071281253747,79.00,,5,EAN
Viking of Norway,Baby Merino,203 Sort,7071281292036,79.00,,16,EAN
Viking of Norway,Baby Merino,207 Beige,7071281292074,79.00,,3,EAN
Viking of Norway,Baby Merino,215 Grå,7071281292159,79.00,,10,EAN
Viking of Norway,Baby Merino,217 Koks Grå,7071281292173,79.00,,12,EAN
Viking of Norway,Baby Merino,220 Lys Blå,7071281292203,79.00,,2,EAN
Viking of Norway,Baby Merino,224 Kongeblå,7071281292241,79.00,,3,EAN
Viking of Norway,Baby Merino,225 Himmelblå,7071281292258,79.00,,2,EAN
Viking of Norway,Baby Merino,226 Marine,7071281292265,79.00,,1,EAN
Viking of Norway,Baby Merino,227 Jeansblå,7071281292272,79.00,,4,EAN
Viking of Norway,Baby Merino,232 Oliven,7071281292326,79.00,,11,EAN
Viking of Norway,Baby Merino,233 Mosegrønn,7071281292333,79.00,,18,EAN
Viking of Norway,Baby Merino,234 Grønn,7071281292340,79.00,,18,EAN
Viking of Norway,Baby Merino,241 Kaki Grønn,7071281292418,79.00,,17,EAN
Viking of Norway,Baby Merino,245 Gul,7071281292456,79.00,,10,EAN
Viking of Norway,Baby Merino,246 Maisgul,7071281292463,79.00,,5,EAN
Viking of Norway,Baby Merino,250 Rød,7071281292500,79.00,,2,EAN
Viking of Norway,Baby Merino,254 Rust,7071281292548,79.00,,20,EAN
Viking of Norway,Baby Merino,256 Mørkerød,7071281292562,79.00,,18,EAN
Viking of Norway,Baby Merino,258 Kobber,7071281292586,79.00,,11,EAN
Viking of Norway,Baby Merino,261,7071281292616,79.00,,2,EAN
Viking of Norway,Baby Merino,265 Cerise,7071281292654,79.00,,13,EAN
Viking of Norway,Baby Merino,272,7071281292722,79.00,,16,EAN
Viking of Norway,Kid Silk,312,7071281293125,125.00,,0,EAN
Viking of Norway,Kid Silk,313,7071281293132,125.00,,7,EAN
Viking of Norway,Kid Silk,314,7071281293149,125.00,,0,EAN
Viking of Norway,Kid Silk,334,7071281293347,125.00,,0,EAN
Viking of Norway,Kid Silk,336,7071281293361,125.00,,8,EAN
Viking of Norway,Kid Silk,344,7071281293446,125.00,,6,EAN
Viking of Norway,Kid Silk,361,7071281293613,125.00,,0,EAN
Viking of Norway,Kid Silk,365,7071281293651,125.00,,0,EAN
Viking of Norway,Kid Silk,366,7071281293668,125.00,,-1,EAN
Viking of Norway,Kid Silk,367,7071281293675,125.00,,0,EAN
Viking of Norway,Kid Silk,370,7071281293705,125.00,,0,EAN
Viking of Norway,Kid Silk,384,7071281293842,125.00,,-4,EAN
Viking of Norway,Snorre,200 Hvit,7071281232001,79.00,,2,EAN
Viking of Norway,Snorre,201 Hvit Tweed,7071281232018,79.00,,7,EAN
Viking of Norway,Snorre,207 Sand,7071281232070,79.00,,4,EAN
Viking of Norway,Snorre,208 Brun,7071281232087,79.00,,4,EAN
Viking of Norway,Snorre,209 Beige,7071281232094,79.00,,6,EAN
Viking of Norway,Snorre,212 Perlegrå,7071281232124,79.00,,13,EAN
Viking of Norway,Snorre,213 Lys Grå,7071281232131,79.00,,10,EAN
Viking of Norway,Snorre,215 Grå,7071281232155,79.00,,8,EAN
Viking of Norway,Snorre,217 Koks,7071281232179,79.00,,10,EAN
Viking of Norway,Snorre,220 Lys Blå,7071281232209,79.00,,2,EAN
Viking of Norway,Snorre,221 Lys Turkis,7071281232216,79.00,,7,EAN
Viking of Norway,Snorre,222 Turkis,7071281232223,79.00,,7,EAN
Viking of Norway,Snorre,226 Marine,7071281232261,79.00,,5,EAN
Viking of Norway,Snorre,227 Jeansblå,7071281232278,79.00,,4,EAN
Viking of Norway,Snorre,231 Lime,7071281232315,79.00,,6,EAN
Viking of Norway,Snorre,232 Lys Grønn,7071281232322,79.00,,10,EAN
Viking of Norway,Snorre,233 Grønn,7071281232339,79.00,,9,EAN
Viking of Norway,Snorre,234 Mørk Grønn,7071281232346,79.00,,7,EAN
Viking of Norway,Snorre,245 Gul,7071281232452,79.00,,6,EAN
Viking of Norway,Snorre,251 Oransje,7071281232513,79.00,,10,EAN
Viking of Norway,Snorre,253 Rust,7071281232537,79.00,,8,EAN
Viking of Norway,Snorre,261 Rosa,7071281232612,79.00,,12,EAN
Viking of Norway,Snorre,263 Lys Rosa,7071281232636,79.00,,2,EAN
Viking of Norway,Snorre,265 Rød,7071281232650,79.00,,7,EAN
Viking of Norway,Snorre,267 Lys Lilla,7071281232674,79.00,,11,EAN
Viking of Norway,Trend Merino,403 Svart,7071281254034,79.00,,17,EAN
Viking of Norway,Trend Merino,411 Lys Beige,7071281254119,79.00,,2,EAN
Viking of Norway,Trend Merino,415 Mørk gråmelert,7071281254157,79.00,,17,EAN
Viking of Norway,Trend Merino,417 Koks,7071281254171,79.00,,12,EAN
Viking of Norway,Trend Merino,425 Blå,7071281254256,79.00,,10,EAN
Viking of Norway,Trend Merino,426 Marine,7071281254263,79.00,,2,EAN
Viking of Norway,Trend Merino,431 Lime,7071281254317,79.00,,4,EAN
Viking of Norway,Trend Merino,434 Støvet Lys Grønn,7071281254348,79.00,,4,EAN
Viking of Norway,Trend Merino,435 Støvet Grønn,7071281254355,79.00,,14,EAN
Viking of Norway,Trend Merino,436 Eplegrønn,7071281254362,79.00,,4,EAN
Viking of Norway,Trend Merino,437 Lys grønn,7071281254379,79.00,,1,EAN
Viking of Norway,Trend Merino,441 Sitrongul,7071281254416,79.00,,14,EAN
Viking of Norway,Trend Merino,446,7071281254461,79.00,,15,EAN
Viking of Norway,Trend Merino,450 Rød,7071281254508,79.00,,19,EAN
Viking of Norway,Trend Merino,451 Oransje,7071281254515,79.00,,10,EAN
Viking of Norway,Trend Merino,453,7071281254539,79.00,,7,EAN
Viking of Norway,Trend Merino,455 Mørk rød,7071281254553,79.00,,6,EAN
Viking of Norway,Trend Merino,461 Cerise,7071281254614,79.00,,14,EAN
Viking of Norway,Trend Merino,463 Lys rosa,7071281254638,79.00,,10,EAN
Viking of Norway,Trend Merino,466,7071281254669,79.00,,5,EAN
Viking of Norway,Trend Merino,471,7071281254713,79.00,,16,EAN
Viking of Norway,Trend Merino,481 Turkis,7071281254812,79.00,,7,EAN
Viking of Norway,Trend Merino,483 Blå,7071281254836,79.00,,7,EAN
Viking of Norway,Trend Merino,484 Kongeblå,7071281254843,79.00,,26,EAN
Viking of Norway,Trend Merino Petit,303 Sort,7071281133032,79.00,,5,EAN
Viking of Norway,Trend Merino Petit,314,7071281133148,79.00,,6,EAN
Viking of Norway,Trend Merino Petit,315 Mørk gråmelert,7071281133155,79.00,,5,EAN
Viking of Norway,Trend Merino Petit,316,7071281133162,79.00,,7,EAN
Viking of Norway,Trend Merino Petit,324 Inkblå,7071281133247,79.00,,2,EAN
Viking of Norway,Trend Merino Petit,325 Blå,7071281133254,79.00,,14,EAN
Viking of Norway,Trend Merino Petit,330 Grønn,7071281133308,79.00,,13,EAN
Viking of Norway,Trend Merino Petit,334 Støvet lys grønn,7071281133346,79.00,,10,EAN
Viking of Norway,Trend Merino Petit,336 Lys grønn,7071281133360,79.00,,16,EAN
Viking of Norway,Trend Merino Petit,337 Gressgrønn,7071281133377,79.00,,10,EAN
Viking of Norway,Trend Merino Petit,340 Gul,7071281133407,79.00,,12,EAN
Viking of Norway,Trend Merino Petit,350 Rød,7071281133506,79.00,,10,EAN
Viking of Norway,Trend Merino Petit,352,7071281133520,79.00,,7,EAN
Viking of Norway,Trend Merino Petit,353,7071281133537,79.00,,1,EAN
Viking of Norway,Trend Merino Petit,356,7071281133568,79.00,,9,EAN
Viking of Norway,Trend Merino Petit,361 Sterk rosa,7071281133612,79.00,,0,EAN
Viking of Norway,Trend Merino Petit,363 Lys rosa,7071281133636,79.00,,3,EAN
Viking of Norway,Trend Merino Petit,371,7071281133711,79.00,,16,EAN
Viking of Norway,Trend Merino Petit,372 Lys lilla,7071281133728,79.00,,9,EAN
Viking of Norway,Trend Merino Petit,373 Lilla,7071281133735,79.00,,3,EAN
Viking of Norway,Trend Merino Petit,381 Mellomblå,7071281133810,79.00,,8,EAN
Viking of Norway,Trend Merino Petit,397 Beigemelert,7071281133971,79.00,,2,EAN
Viking of Norway,Viking Wool,501 Hvit Tweed,7071281265016,79.00,,25,EAN
Viking of Norway,Viking Wool,509 Lys Brun Melert,7071281265092,79.00,,11,EAN
Viking of Norway,Viking Wool,513 Grå Melert,7071281265139,79.00,,21,EAN
Viking of Norway,Viking Wool,515 Mørkgrå Melert,7071281265153,79.00,,20,EAN
Viking of Norway,Viking Wool,517 Koks Melert,7071281265177,79.00,,5,EAN
Viking of Norway,Viking Wool,524 Blå Melert,7071281265245,79.00,,3,EAN
Viking of Norway,Viking Wool,526 Marine Melert,7071281265269,79.00,,3,EAN
Viking of Norway,Viking Wool,528 Mørk Turkis Melert,7071281265283,79.00,,0,EAN
Viking of Norway,Viking Wool,529 Turkis Melert,7071281265290,79.00,,8,EAN
Viking of Norway,Viking Wool,544 Gul Grønn Melert,7071281265443,79.00,,16,EAN
